topic,cohort,share_2015_19,share_2021_25
5,new,0.07372203189879656,0.07038034964352846
26,new,0.02612626738846302,0.02735704742372036
27,new,0.041832998394966125,0.05099723860621452
31,new,0.029537236783653498,0.02743057394400239
34,new,0.01342877559363842,0.014981213491410017
39,new,0.02213991479948163,0.020346575416624546
43,new,0.02201884798705578,0.02407296421006322
51,new,0.027972360141575336,0.02647783001884818
52,new,0.030152300838381052,0.05914704315364361
61,new,0.014894414693117142,0.02929680049419403
69,new,0.012934388592839241,0.017290458781644702
72,new,0.03776403469964862,0.04241199046373367
78,new,0.01889450941234827,0.020556961419060826
80,new,0.021294476930052042,0.030187418684363365
81,new,0.023903720546513796,0.03234479762613773
83,new,0.01890863128937781,0.03234630636870861
85,new,0.018840801436454058,0.02537923213094473
86,new,0.00853560899849981,0.010634497040882707
90,new,0.022301985882222652,0.024570640176534653
91,new,0.019327661953866482,0.021308386232703924
96,new,0.013774707214906812,0.012798005947843194
97,new,0.019597201142460108,0.017971595283597708
107,new,0.007813491509296,0.008956241188570857
109,new,0.019182996125891805,0.020790787413716316
112,new,0.016202701721340418,0.018256108509376645
119,new,0.04654984176158905,0.046383948996663094
120,new,0.01800195313990116,0.022972658276557922
122,new,0.017015392426401377,0.019499694695696235
123,new,0.02451560413464904,0.030714896973222494
124,new,0.02485543442890048,0.026205072179436684
125,new,0.02231484279036522,0.02905350923538208
126,new,0.020124839851632714,0.01785582792945206
128,new,0.012432646472007036,0.019194396678358316
129,new,0.016388037241995335,0.022313638124614954
133,new,0.012371446006000042,0.010950271040201187
134,new,0.014131568372249603,0.017838764702901244
140,new,0.0201087249442935,0.03453532373532653
142,new,0.012252445565536618,0.01182025671005249
144,new,0.026443819981068373,0.02823177957907319
146,new,0.013353436253964901,0.012263895245268941
147,new,0.018826410407200456,0.016878974623978138
148,new,0.030222182162106037,0.03311974322423339
150,new,0.018730561947450042,0.028948843013495207
152,new,0.02208850672468543,0.02360600233078003
155,new,0.029915403574705124,0.034131990280002356
156,new,0.012752476381137967,0.018963981885463
159,new,0.01972004771232605,0.016300487332046032
161,new,0.024347394704818726,0.023487798869609833
163,new,0.016405191738158464,0.018610135652124882
167,new,0.02519111381843686,0.027883289847522974
168,new,0.010079112951643765,0.008093785378150642
172,new,0.01200103759765625,0.012233915040269494
174,new,0.01803914294578135,0.01667453022673726
175,new,0.008670856826938689,0.014448024798184633
180,new,0.02599717816337943,0.025313818361610174
181,new,0.012173964409157634,0.010521440766751766
182,new,0.031737975776195526,0.02856899332255125
183,new,0.013078885385766625,0.01238790969364345
185,new,0.01206158148124814,0.010621675057336688
186,new,0.0070916080148890615,0.016964636044576764
187,new,0.020331818610429764,0.01765678101219237
188,new,0.01075761578977108,0.010223319055512547
190,new,0.012348965974524617,0.012289434438571334
193,new,0.009443397168070078,0.018192786257714033
194,new,0.01475729700177908,0.020580143202096224
195,new,0.019115595845505595,0.019396558171138167
198,new,0.014568704413250089,0.012091187527403235
199,new,0.030500080436468124,0.030246807727962732
0,2019-matched,0.11263168230652809,0.0888625904917717
1,2019-matched,0.040596175473183393,0.04536774195730686
2,2019-matched,0.06251766439527273,0.04749983036890626
3,2019-matched,0.071244852617383,0.05876696668565273
4,2019-matched,0.04870254918932915,0.041224297136068344
6,2019-matched,0.048188015818595886,0.04369981214404106
7,2019-matched,0.03343706298619509,0.031214294023811817
8,2019-matched,0.05014873668551445,0.04743430856615305
9,2019-matched,0.034230651799589396,0.028555623721331358
10,2019-matched,0.051128667779266834,0.04782710038125515
11,2019-matched,0.01889124047011137,0.013133262051269412
12,2019-matched,0.027916987892240286,0.028662616852670908
13,2019-matched,0.04188468959182501,0.05831466056406498
14,2019-matched,0.02295258967205882,0.027776405215263367
15,2019-matched,0.04903308115899563,0.038166739512234926
16,2019-matched,0.023905492387712002,0.023941336665302515
17,2019-matched,0.008848529541864991,0.023371499497443438
18,2019-matched,0.02660763869062066,0.029408798087388277
19,2019-matched,0.02552729146555066,0.029169415589421988
20,2019-matched,0.021943435072898865,0.022318358067423105
21,2019-matched,0.018268369138240814,0.014208263717591763
22,2019-matched,0.021787773352116346,0.025737554766237736
23,2019-matched,0.014832241926342249,0.022996118059381843
24,2019-matched,0.033146817702800035,0.029709789901971817
25,2019-matched,0.03889422491192818,0.03584914328530431
28,2019-matched,0.04432595893740654,0.04737594071775675
29,2019-matched,0.019567759474739432,0.032191168051213026
30,2019-matched,0.03852288657799363,0.03649181919172406
32,2019-matched,0.014586542267352343,0.012987001333385706
33,2019-matched,0.022039031609892845,0.027989279944449663
35,2019-matched,0.04924893844872713,0.0396465128287673
36,2019-matched,0.02313649980351329,0.016712431563064456
37,2019-matched,0.025551254861056805,0.02665888797491789
38,2019-matched,0.0180732065346092,0.017973048146814108
40,2019-matched,0.01879731146618724,0.02675894182175398
41,2019-matched,0.020341310184448957,0.017210708698257804
42,2019-matched,0.03153655817732215,0.03270290233194828
44,2019-matched,0.031400705222040415,0.0317652216181159
45,2019-matched,0.024645263329148293,0.021035639103502035
46,2019-matched,0.03711605677381158,0.03618858940899372
47,2019-matched,0.03293411200866103,0.026080889627337456
48,2019-matched,0.023555105086416006,0.020454008132219315
49,2019-matched,0.010282740462571383,0.01288357563316822
50,2019-matched,0.018504461739212275,0.01862322515808046
53,2019-matched,0.048687949776649475,0.04565364774316549
54,2019-matched,0.01820808253251016,0.02114234957844019
55,2019-matched,0.027365822345018387,0.021066173678264022
56,2019-matched,0.0254763369448483,0.020287697203457355
57,2019-matched,0.03243835177272558,0.02696456667035818
58,2019-matched,0.014238219009712338,0.010924698202870786
59,2019-matched,0.04506268445402384,0.028669139835983515
60,2019-matched,0.030210708267986774,0.030653817113488913
62,2019-matched,0.03423674590885639,0.035620106384158134
63,2019-matched,0.03846983192488551,0.03154591750353575
64,2019-matched,0.019113066839054227,0.017583129927515984
65,2019-matched,0.012799511197954416,0.009743446367792785
66,2019-matched,0.014256172813475132,0.013227086048573256
67,2019-matched,0.021734823938459158,0.016967133851721883
68,2019-matched,0.026472666766494513,0.026247178204357624
70,2019-matched,0.031340434681624174,0.030787390656769276
71,2019-matched,0.012719962978735566,0.011906058294698596
73,2019-matched,0.018889607628807425,0.017390234395861626
74,2019-matched,0.012899656547233462,0.012517040129750967
75,2019-matched,0.02130525978282094,0.022568294312804937
76,2019-matched,0.014947141986340284,0.012429490219801664
77,2019-matched,0.027323340997099876,0.027075637597590685
79,2019-matched,0.0263091204687953,0.01840298669412732
82,2019-matched,0.02767496882006526,0.020908895414322615
84,2019-matched,0.02214714279398322,0.028088535647839308
87,2019-matched,0.018308278871700168,0.020486803958192468
88,2019-matched,0.01950903981924057,0.01720150629989803
89,2019-matched,0.010657916544005275,0.009459214634262025
92,2019-matched,0.02328423224389553,0.030687435530126095
93,2019-matched,0.022295989096164703,0.025883263908326626
94,2019-matched,0.03207626519724727,0.028940775897353888
95,2019-matched,0.04231991432607174,0.0541268615052104
98,2019-matched,0.023601317778229713,0.01453560870140791
99,2019-matched,0.023265697993338108,0.026487288065254688
100,2019-matched,0.024308443069458008,0.030239599756896496
101,2019-matched,0.021856428124010563,0.022999573964625597
102,2019-matched,0.012684676796197891,0.013772331411018968
103,2019-matched,0.02121848170645535,0.01644012867473066
104,2019-matched,0.026992411818355322,0.023313901852816343
105,2019-matched,0.036148264072835445,0.03209688002243638
106,2019-matched,0.020022525684908032,0.022425193805247545
108,2019-matched,0.04938693065196276,0.035417485516518354
110,2019-matched,0.015425026649609208,0.011823437875136733
111,2019-matched,0.043417214415967464,0.03534431615844369
113,2019-matched,0.03216266352683306,0.03349816193804145
114,2019-matched,0.018041890347376466,0.01840010774321854
115,2019-matched,0.0151401381008327,0.010779899545013905
116,2019-matched,0.03630106523633003,0.03534930432215333
117,2019-matched,0.03218215750530362,0.03278577933087945
118,2019-matched,0.02229931205511093,0.019450479419901967
121,2019-matched,0.019513835664838552,0.020829312037676573
127,2019-matched,0.028994719963520765,0.03808883670717478
130,2019-matched,0.014351142337545753,0.01156094972975552
131,2019-matched,0.024687817320227623,0.01856690365821123
132,2019-matched,0.013579905964434147,0.010647176532074809
135,2019-matched,0.04717792011797428,0.048736889846622944
136,2019-matched,0.021347204688936472,0.02070701145567
137,2019-matched,0.02299322746694088,0.025256520602852106
138,2019-matched,0.03104560123756528,0.029630510602146387
139,2019-matched,0.0237409770488739,0.01935608871281147
141,2019-matched,0.017885534092783928,0.01641101366840303
143,2019-matched,0.018685034476220608,0.01655500801280141
145,2019-matched,0.038562828209251165,0.035753740929067135
149,2019-matched,0.03191566374152899,0.029925964772701263
151,2019-matched,0.017041527898982167,0.012621710309758782
153,2019-matched,0.03028009831905365,0.0315380715765059
154,2019-matched,0.044569071382284164,0.04440741986036301
157,2019-matched,0.026225792709738016,0.021836156956851482
158,2019-matched,0.01597789698280394,0.01286976900883019
160,2019-matched,0.02711974596604705,0.020868051098659635
162,2019-matched,0.030299607198685408,0.024812059942632914
164,2019-matched,0.014519065385684371,0.013564316090196371
165,2019-matched,0.023142915684729815,0.0257352776825428
166,2019-matched,0.027227789163589478,0.02284712390974164
169,2019-matched,0.015088589396327734,0.013840460916981101
170,2019-matched,0.01539430022239685,0.01122252456843853
171,2019-matched,0.02197672426700592,0.01999759068712592
173,2019-matched,0.012174100149422884,0.008524195640347898
176,2019-matched,0.018907618476077914,0.023239382542669773
177,2019-matched,0.029089416842907667,0.02435620268806815
178,2019-matched,0.01855480019003153,0.01885610888712108
179,2019-matched,0.019167135935276747,0.01622794382274151
184,2019-matched,0.028591188602149487,0.018110598670318723
189,2019-matched,0.013042388716712594,0.015633596340194345
191,2019-matched,0.017525230068713427,0.016657063271850348
192,2019-matched,0.04802182596176863,0.051657446660101414
196,2019-matched,0.01342052430845797,0.009150116820819676
197,2019-matched,0.016418424900621176,0.019141770666465163
