topic,docs_equiv
0,29170.1
1,12111.7
2,16393.2
3,19715.6
4,12896.5
5,20271.8
6,12982.7
7,9232.1
8,14040.5
9,8945.8
10,14395.0
11,5322.2
12,7619.7
13,14914.2
14,7024.6
15,11971.7
16,6523.3
17,5259.3
18,7837.3
19,7911.1
20,6004.3
21,4927.5
22,6533.4
23,5384.0
24,8869.3
25,10403.7
26,7207.0
27,13512.3
28,13299.8
29,7666.0
30,10654.6
31,8229.2
32,3995.3
33,6905.2
34,4095.5
35,12773.4
36,6102.6
37,7400.6
38,5009.1
39,6119.2
40,6661.7
41,5597.8
42,9275.4
43,6631.3
44,8812.2
45,6398.5
46,10541.5
47,7691.5
48,6272.3
49,3110.1
50,5374.8
51,7493.3
52,15004.7
53,14007.8
54,5724.0
55,7510.6
56,6390.6
57,8616.2
58,3746.9
59,12414.7
60,8546.6
61,6566.1
62,10446.4
63,9630.3
64,5437.1
65,3113.7
66,3877.8
67,5492.6
68,7760.3
69,4355.3
70,8551.7
71,3509.3
72,11358.2
73,5112.8
74,3487.1
75,6247.9
76,4109.6
77,7699.5
78,5541.3
79,6957.6
80,7533.5
81,8074.7
82,6798.4
83,7600.8
84,7180.4
85,6434.0
86,2705.3
87,5433.4
88,5061.3
89,2857.7
90,6728.8
91,5291.7
92,7854.5
93,6661.5
94,8799.8
95,13937.5
96,3936.8
97,5174.8
98,5953.0
99,7153.2
100,8059.5
101,6146.5
102,3676.0
103,5057.2
104,7208.4
105,10025.5
106,6360.7
107,2255.3
108,12476.1
109,5604.5
110,4101.2
111,11253.0
112,4757.1
113,9115.9
114,5164.7
115,3636.8
116,9944.6
117,9086.4
118,5979.1
119,13508.5
120,5873.8
121,5356.5
122,4828.9
123,8165.7
124,7115.5
125,7526.5
126,5481.2
127,9543.4
128,4524.8
129,5536.2
130,3699.5
131,6185.3
132,3779.6
133,3368.5
134,4478.2
135,13882.7
136,5801.4
137,6919.7
138,8853.3
139,6144.4
140,8252.8
141,4992.7
142,3298.9
143,4828.7
144,7737.0
145,10499.9
146,3702.8
147,5096.9
148,9056.8
149,8603.4
150,7275.9
151,4605.8
152,6438.6
153,8790.4
154,12663.9
155,9243.7
156,4759.2
157,7463.4
158,4119.9
159,5146.6
160,7034.4
161,7192.6
162,8000.6
163,4898.4
164,4154.6
165,6944.4
166,7228.5
167,7534.9
168,2964.3
169,4192.3
170,4175.9
171,6240.1
172,3621.1
173,3276.1
174,4963.6
175,3417.0
176,6200.0
177,7428.8
178,5004.9
179,4953.5
180,7577.8
181,3191.7
182,8797.5
183,3530.8
184,7293.0
185,3180.2
186,3862.5
187,5558.2
188,2759.2
189,4294.3
190,3563.4
191,4971.9
192,13792.7
193,4290.2
194,5095.2
195,5634.5
196,3842.7
197,5325.4
198,3765.8
199,8474.3
