tag,topic,npmi,size
K100_a0.0,0,0.1499878168106079,35.82069703489071
K100_a0.0,1,0.06772501021623611,170.54204425565234
K100_a0.0,2,0.21161149442195892,78.72806421863007
K100_a0.0,3,0.12575165927410126,24.499005276111326
K100_a0.0,4,0.19914688169956207,45.83080562834292
K100_a0.0,5,0.14777852594852448,183.2950496315379
K100_a0.0,6,0.1598266214132309,39.56432511838141
K100_a0.0,7,0.25969719886779785,86.76044710679658
K100_a0.0,8,0.10618016868829727,54.95982751811785
K100_a0.0,9,0.2082318812608719,47.03326891980989
K100_a0.0,10,0.19026178121566772,97.24167248564925
K100_a0.0,11,0.3809845447540283,46.214933918316724
K100_a0.0,12,0.2151317596435547,53.92260400506833
K100_a0.0,13,0.10562219470739365,48.04614144974511
K100_a0.0,14,0.19434577226638794,43.873418574105855
K100_a0.0,15,0.22071388363838196,93.70027636831702
K100_a0.0,16,0.30259913206100464,63.43547875050606
K100_a0.0,17,0.23200854659080505,33.4255000620742
K100_a0.0,18,0.22370478510856628,60.34493373742881
K100_a0.0,19,0.16957515478134155,56.38129948959432
K100_a0.0,20,0.2103721648454666,44.37494117931916
K100_a0.0,21,0.18454626202583313,37.67062563299677
K100_a0.0,22,0.3411436378955841,63.71946216402593
K100_a0.0,23,0.526130735874176,91.7977392912102
K100_a0.0,24,0.16578690707683563,48.532898452305176
K100_a0.0,25,0.18441738188266754,74.45716543307151
K100_a0.0,26,0.21666786074638367,40.17151121097242
K100_a0.0,27,0.17435120046138763,69.42989653203854
K100_a0.0,28,0.1521972119808197,45.7551855703372
K100_a0.0,29,0.21082636713981628,57.49918496397054
K100_a0.0,30,0.17920972406864166,36.010870286290576
K100_a0.0,31,0.204301118850708,52.36239202573752
K100_a0.0,32,0.18886706233024597,40.5876187060177
K100_a0.0,33,0.26062440872192383,47.717210555541534
K100_a0.0,34,0.3717828392982483,108.86022538100015
K100_a0.0,35,0.1062864437699318,69.56263992903224
K100_a0.0,36,0.2285117506980896,66.45989166964713
K100_a0.0,37,0.14738008379936218,51.622626068734434
K100_a0.0,38,0.22170284390449524,39.713450028825946
K100_a0.0,39,0.20998533070087433,61.338237471091205
K100_a0.0,40,0.3122863173484802,51.436178856196605
K100_a0.0,41,0.13815614581108093,51.70369350971739
K100_a0.0,42,0.18397781252861023,67.90572875961095
K100_a0.0,43,0.334094375371933,108.86858190035402
K100_a0.0,44,0.1471487432718277,75.6577673954038
K100_a0.0,45,0.20064164698123932,51.41354340369942
K100_a0.0,46,0.2809397280216217,64.16965759972395
K100_a0.0,47,0.2121388167142868,68.295941811029
K100_a0.0,48,0.263761430978775,48.58454369547011
K100_a0.0,49,0.26800018548965454,31.97532557625654
K100_a0.0,50,0.1907162368297577,39.70947257955219
K100_a0.0,51,0.20081700384616852,61.930835238215266
K100_a0.0,52,0.2764442563056946,46.474843057653
K100_a0.0,53,0.1139654666185379,48.70304115292101
K100_a0.0,54,0.22222016751766205,50.4975637627397
K100_a0.0,55,0.13708263635635376,119.26362120793706
K100_a0.0,56,0.287416934967041,116.65751976917775
K100_a0.0,57,0.15863703191280365,42.91451665389248
K100_a0.0,58,0.2236364632844925,46.28405372625851
K100_a0.0,59,0.15582963824272156,63.3986882390931
K100_a0.0,60,0.1749047338962555,51.941354313272555
K100_a0.0,61,0.18264353275299072,99.27020018998837
K100_a0.0,62,0.3001296818256378,169.68335945601746
K100_a0.0,63,0.18911607563495636,105.13304214605387
K100_a0.0,64,0.17816399037837982,61.71992371330153
K100_a0.0,65,0.1442931443452835,57.999484700913285
K100_a0.0,66,0.2426108717918396,45.36867878922898
K100_a0.0,67,0.16841284930706024,50.53510501471223
K100_a0.0,68,0.1490822732448578,53.77773333642881
K100_a0.0,69,0.19037210941314697,37.2548838574761
K100_a0.0,70,0.15561257302761078,71.63474956011419
K100_a0.0,71,0.158629909157753,45.60866114206848
K100_a0.0,72,0.20219285786151886,37.358506942038346
K100_a0.0,73,0.20517152547836304,47.81702596834268
K100_a0.0,74,0.14452901482582092,47.45443718191247
K100_a0.0,75,0.13406608998775482,86.72154269469797
K100_a0.0,76,0.30480849742889404,116.78369789689386
K100_a0.0,77,0.24651099741458893,87.20678653217875
K100_a0.0,78,0.23616383969783783,49.42389691901044
K100_a0.0,79,0.24101053178310394,89.9266067646239
K100_a0.0,80,0.1858447790145874,56.80470722110562
K100_a0.0,81,0.2625432312488556,56.486966818763364
K100_a0.0,82,0.43276867270469666,90.39093963393871
K100_a0.0,83,0.1753784567117691,57.074379867527796
K100_a0.0,84,0.25317803025245667,93.33664833765776
K100_a0.0,85,0.23753200471401215,34.81856168022013
K100_a0.0,86,0.33572906255722046,85.25876367208028
K100_a0.0,87,0.3285694420337677,66.20484838729926
K100_a0.0,88,0.26265257596969604,45.33900340172043
K100_a0.0,89,0.24845324456691742,46.64238969796243
K100_a0.0,90,0.14246916770935059,72.4253292408238
K100_a0.0,91,0.10302809625864029,91.31584257664719
K100_a0.0,92,0.11854493618011475,79.16679324368505
K100_a0.0,93,0.34327414631843567,81.57281459560217
K100_a0.0,94,0.15411876142024994,36.030265259963315
K100_a0.0,95,0.07249423861503601,39.93223427646091
K100_a0.0,96,0.21944209933280945,60.53966976093631
K100_a0.0,97,0.2752831280231476,78.3641236731814
K100_a0.0,98,0.13692133128643036,37.56837932969501
K100_a0.0,99,0.2885483503341675,38.06368304284659
K110_a0.0,0,0.13321977853775024,38.48069756507497
K110_a0.0,1,0.06332075595855713,176.58457737851504
K110_a0.0,2,0.18239280581474304,49.52135146046458
K110_a0.0,3,0.11690912395715714,28.169935389887733
K110_a0.0,4,0.19914688169956207,47.56793099138225
K110_a0.0,5,0.16461056470870972,136.61912780763782
K110_a0.0,6,0.12789012491703033,40.599561392153895
K110_a0.0,7,0.19629192352294922,59.8799149421834
K110_a0.0,8,0.10873588174581528,56.908884012158744
K110_a0.0,9,0.2082318812608719,48.55150949765667
K110_a0.0,10,0.14069074392318726,101.72836684723757
K110_a0.0,11,0.35903027653694153,46.67584447304929
K110_a0.0,12,0.2151317447423935,56.71520787078
K110_a0.0,13,0.10354988276958466,42.407025643395045
K110_a0.0,14,0.18205171823501587,40.968553352167326
K110_a0.0,15,0.22071388363838196,95.24482423057421
K110_a0.0,16,0.3365754187107086,62.33943780252539
K110_a0.0,17,0.2643435299396515,34.28946280864992
K110_a0.0,18,0.2093159556388855,55.00640482809896
K110_a0.0,19,0.14873066544532776,47.81621785685875
K110_a0.0,20,0.22753679752349854,37.22887751076348
K110_a0.0,21,0.16622872650623322,38.32808268910211
K110_a0.0,22,0.3470427095890045,60.929678175429366
K110_a0.0,23,0.526130735874176,93.69423217916248
K110_a0.0,24,0.13995128870010376,46.474239318329055
K110_a0.0,25,0.14221003651618958,56.829934102933976
K110_a0.0,26,0.19752798974514008,39.605775191472766
K110_a0.0,27,0.19188079237937927,66.95488953259719
K110_a0.0,28,0.14850415289402008,46.99511456579251
K110_a0.0,29,0.21082636713981628,59.21365083837483
K110_a0.0,30,0.19713957607746124,34.73066533806585
K110_a0.0,31,0.31571996212005615,76.58179274812758
K110_a0.0,32,0.18886706233024597,40.40330299362173
K110_a0.0,33,0.23199544847011566,47.219397722577796
K110_a0.0,34,0.4038006663322449,112.14610278120641
K110_a0.0,35,0.1062864437699318,72.13513262266581
K110_a0.0,36,0.2157653123140335,68.98106407715059
K110_a0.0,37,0.1963144987821579,48.84843955805897
K110_a0.0,38,0.22170284390449524,38.31787092805698
K110_a0.0,39,0.25613048672676086,61.12846353029584
K110_a0.0,40,0.3122863173484802,50.26292612771611
K110_a0.0,41,0.1741665154695511,50.47426751554368
K110_a0.0,42,0.16223281621932983,77.93862169022061
K110_a0.0,43,0.3540862798690796,106.26774899355098
K110_a0.0,44,0.24305585026741028,67.24500004047245
K110_a0.0,45,0.22017835080623627,54.366741260623705
K110_a0.0,46,0.1477203220129013,60.118755239603985
K110_a0.0,47,0.13055755198001862,61.15217606898767
K110_a0.0,48,0.263761430978775,47.74085075485131
K110_a0.0,49,0.24896275997161865,32.71924056950563
K110_a0.0,50,0.17670130729675293,39.9601461444509
K110_a0.0,51,0.20540012419223785,62.18678211671324
K110_a0.0,52,0.16708922386169434,53.10937165677444
K110_a0.0,53,0.1753784567117691,56.41254806931494
K110_a0.0,54,0.21580469608306885,48.83287463884985
K110_a0.0,55,0.24101056158542633,97.43033771595636
K110_a0.0,56,0.287416934967041,123.8357228626278
K110_a0.0,57,0.17199911177158356,41.582560386710526
K110_a0.0,58,0.2236364632844925,46.16089742246903
K110_a0.0,59,0.3001297116279602,153.4770045218811
K110_a0.0,60,0.15328750014305115,66.46468690299673
K110_a0.0,61,0.1489296555519104,44.55582682430041
K110_a0.0,62,0.14614735543727875,110.12591076548043
K110_a0.0,63,0.20800822973251343,100.98416062556666
K110_a0.0,64,0.1656647026538849,59.02694625483056
K110_a0.0,65,0.35191676020622253,44.84533721900175
K110_a0.0,66,0.2426108717918396,44.330898626595925
K110_a0.0,67,0.16395464539527893,48.96002959008855
K110_a0.0,68,0.1490822732448578,53.454514599782534
K110_a0.0,69,0.256803035736084,36.86790087166559
K110_a0.0,70,0.17643821239471436,70.3148886449286
K110_a0.0,71,0.15862992405891418,44.72532229591028
K110_a0.0,72,0.2875538170337677,96.89971499162822
K110_a0.0,73,0.20567265152931213,49.27563064193968
K110_a0.0,74,0.2475147694349289,36.308799265968844
K110_a0.0,75,0.17403267323970795,73.8571488683581
K110_a0.0,76,0.30480849742889404,117.48212410842667
K110_a0.0,77,0.15757547318935394,173.85878865526553
K110_a0.0,78,0.19860564172267914,52.48814852270164
K110_a0.0,79,0.218311607837677,71.48902986384243
K110_a0.0,80,0.20304884016513824,83.30230020360091
K110_a0.0,81,0.4670029580593109,90.18844577518261
K110_a0.0,82,0.1271011233329773,74.89090191693064
K110_a0.0,83,0.29060107469558716,74.1125409773619
K110_a0.0,84,0.21915477514266968,38.00674575320547
K110_a0.0,85,0.11218786239624023,63.2594830390864
K110_a0.0,86,0.34327414631843567,85.95127276309853
K110_a0.0,87,0.13277100026607513,65.47909788204197
K110_a0.0,88,0.18682751059532166,51.25917028607817
K110_a0.0,89,0.1705092489719391,79.06588745549455
K110_a0.0,90,0.1858447790145874,58.93161092926273
K110_a0.0,91,0.0836309939622879,38.04875273840746
K110_a0.0,92,0.1435914784669876,37.36874107518792
K110_a0.0,93,0.2364407479763031,71.16777217858262
K110_a0.0,94,0.2658744156360626,52.53106446889854
K110_a0.0,95,0.19183941185474396,64.79646207788446
K110_a0.0,96,0.24787677824497223,50.721423532163605
K110_a0.0,97,0.2662865221500397,72.97404261108488
K110_a0.0,98,0.18315203487873077,48.770940760111166
K110_a0.0,99,0.21176236867904663,66.96193486525125
K110_a0.0,100,0.17736157774925232,53.60110663261769
K110_a0.0,101,0.232439786195755,68.60737823472304
K110_a0.0,102,0.2018197774887085,61.74764120236667
K110_a0.0,103,0.26278752088546753,62.33991463183672
K110_a0.0,104,0.10955281555652618,65.64918970472856
K110_a0.0,105,0.32274261116981506,49.613387461273206
K110_a0.0,106,0.13777819275856018,56.168344025752816
K110_a0.0,107,0.12834535539150238,39.06096774573124
K110_a0.0,108,0.24790754914283752,65.14366061493173
K110_a0.0,109,0.26265257596969604,45.069734375478696
K120_a0.0,0,0.11753322929143906,34.79933733059174
K120_a0.0,1,0.05412255972623825,188.8040616412787
K120_a0.0,2,0.1269422471523285,68.35282947470868
K120_a0.0,3,0.13054504990577698,23.727385623374914
K120_a0.0,4,0.19914688169956207,46.0127860070368
K120_a0.0,5,0.14681877195835114,203.13152849120823
K120_a0.0,6,0.1528388112783432,38.58594988552192
K120_a0.0,7,0.2695166766643524,84.44608542815831
K120_a0.0,8,0.08569715917110443,48.973375298824294
K120_a0.0,9,0.20823191106319427,47.71442827835203
K120_a0.0,10,0.2518286108970642,110.95158260541538
K120_a0.0,11,0.35903027653694153,44.520166021254035
K120_a0.0,12,0.20812028646469116,56.88345031605355
K120_a0.0,13,0.10354988276958466,40.47504382380671
K120_a0.0,14,0.17887210845947266,39.91518196658539
K120_a0.0,15,0.22071388363838196,94.5453604847145
K120_a0.0,16,0.28342947363853455,62.772605210263265
K120_a0.0,17,0.2190634161233902,35.454515761081886
K120_a0.0,18,0.1872335821390152,54.10818618110123
K120_a0.0,19,0.10308699309825897,46.46892289580031
K120_a0.0,20,0.19909201562404633,41.08757830032343
K120_a0.0,21,0.15131643414497375,37.3528059886344
K120_a0.0,22,0.3529396057128906,53.797965885318234
K120_a0.0,23,0.4859169125556946,100.43841130215704
K120_a0.0,24,0.15194764733314514,45.356141089807046
K120_a0.0,25,0.1645161360502243,68.35040231385716
K120_a0.0,26,0.20831134915351868,35.23245294937483
K120_a0.0,27,0.0961756482720375,56.52664304002235
K120_a0.0,28,0.14682738482952118,43.5417668709597
K120_a0.0,29,0.21082636713981628,58.1936731820892
K120_a0.0,30,0.20542429387569427,40.9354579952731
K120_a0.0,31,0.22557157278060913,54.19229248175339
K120_a0.0,32,0.18886706233024597,40.42568981244182
K120_a0.0,33,0.24503035843372345,52.28636966645065
K120_a0.0,34,0.18217632174491882,59.20534427842357
K120_a0.0,35,0.11960406601428986,55.867075404377054
K120_a0.0,36,0.2786030173301697,61.64819482448814
K120_a0.0,37,0.1811968982219696,51.78317269837027
K120_a0.0,38,0.24424606561660767,36.57766551244196
K120_a0.0,39,0.28684189915657043,97.87914068362414
K120_a0.0,40,0.30529525876045227,56.81148039147914
K120_a0.0,41,0.23054583370685577,54.872820055699655
K120_a0.0,42,0.15759140253067017,65.04336475673706
K120_a0.0,43,0.2915491461753845,76.69832353486767
K120_a0.0,44,0.11802826076745987,54.06483654240313
K120_a0.0,45,0.21363435685634613,59.4927182773656
K120_a0.0,46,0.15553799271583557,57.57711647332177
K120_a0.0,47,0.14088384807109833,57.401516425739295
K120_a0.0,48,0.2800891697406769,46.767213162869
K120_a0.0,49,0.26800018548965454,33.324411068577355
K120_a0.0,50,0.2070019394159317,37.86367282966207
K120_a0.0,51,0.2008170187473297,60.835379089754106
K120_a0.0,52,0.18953746557235718,46.96496396711721
K120_a0.0,53,0.17371872067451477,54.403550091698435
K120_a0.0,54,0.20693859457969666,50.240162001564805
K120_a0.0,55,0.1425728052854538,79.3457773522497
K120_a0.0,56,0.23143653571605682,64.158180837479
K120_a0.0,57,0.1688377857208252,43.21709955263736
K120_a0.0,58,0.2236364781856537,46.05245957978093
K120_a0.0,59,0.2879360318183899,155.0297155332235
K120_a0.0,60,0.11865879595279694,92.65164240684867
K120_a0.0,61,0.16087181866168976,46.128689532406995
K120_a0.0,62,0.15856964886188507,93.66690011396189
K120_a0.0,63,0.2518662214279175,103.84982614375059
K120_a0.0,64,0.16572055220603943,53.683122688079834
K120_a0.0,65,0.36216145753860474,48.630172507802264
K120_a0.0,66,0.2426108717918396,43.43266955372608
K120_a0.0,67,0.14740197360515594,44.57661672989459
K120_a0.0,68,0.18847310543060303,49.0164339468137
K120_a0.0,69,0.2515338361263275,38.19906707663971
K120_a0.0,70,0.21624082326889038,67.12038965833065
K120_a0.0,71,0.17968040704727173,44.13581512008624
K120_a0.0,72,0.09901544451713562,43.38562734792665
K120_a0.0,73,0.20342481136322021,56.16292938849857
K120_a0.0,74,0.2511945068836212,36.490343862488515
K120_a0.0,75,0.15046532452106476,39.97740209341443
K120_a0.0,76,0.2900446653366089,96.28282520479512
K120_a0.0,77,0.24447254836559296,60.56074230243484
K120_a0.0,78,0.2264772355556488,48.560972938560845
K120_a0.0,79,0.19970785081386566,67.42955798015109
K120_a0.0,80,0.2364407628774643,67.48887107624047
K120_a0.0,81,0.2663748562335968,71.67464716134796
K120_a0.0,82,0.20882932841777802,36.35552817470434
K120_a0.0,83,0.29690077900886536,121.65611372902801
K120_a0.0,84,0.2643224596977234,83.96263063996079
K120_a0.0,85,0.10603687167167664,63.04058613422486
K120_a0.0,86,0.4038006663322449,108.43947300918532
K120_a0.0,87,0.33381780982017517,69.83195740799344
K120_a0.0,88,0.17973212897777557,66.5469751817524
K120_a0.0,89,0.1478709876537323,36.31166955836735
K120_a0.0,90,0.21525532007217407,60.56212164094353
K120_a0.0,91,0.20927581191062927,66.22399599752521
K120_a0.0,92,0.18325378000736237,68.34080923200051
K120_a0.0,93,0.152395561337471,63.64884618830563
K120_a0.0,94,0.3346770107746124,117.34242397942431
K120_a0.0,95,0.09011143445968628,36.79001755887179
K120_a0.0,96,0.2602451741695404,51.2410754206317
K120_a0.0,97,0.1765192300081253,49.4117366629886
K120_a0.0,98,0.256179541349411,49.157960188572105
K120_a0.0,99,0.28248992562294006,106.85427078647122
K120_a0.0,100,0.5083028674125671,90.6594757613084
K120_a0.0,101,0.26008132100105286,68.80419714253256
K120_a0.0,102,0.25611916184425354,54.492336579452285
K120_a0.0,103,0.1484328955411911,50.683805149719575
K120_a0.0,104,0.20793785154819489,41.287871340953245
K120_a0.0,105,0.2600823938846588,81.28535879030564
K120_a0.0,106,0.36227476596832275,42.96344100001522
K120_a0.0,107,0.1826234608888626,79.4003678464631
K120_a0.0,108,0.2679837644100189,37.46622334345014
K120_a0.0,109,0.10255881398916245,46.982077643009085
K120_a0.0,110,0.12189899384975433,45.68129438670544
K120_a0.0,111,0.21856185793876648,47.62099886544952
K120_a0.0,112,0.14015768468379974,56.560661862194195
K120_a0.0,113,0.07216938585042953,79.2038473199577
K120_a0.0,114,0.10553430020809174,63.52865179916595
K120_a0.0,115,0.264309287071228,40.37154906820971
K120_a0.0,116,0.1524001508951187,44.02831325430998
K120_a0.0,117,0.18682922422885895,66.90487348644126
K120_a0.0,118,0.18475192785263062,37.404424851559774
K120_a0.0,119,0.21318741142749786,88.92478315979032
K130_a0.0,0,0.11651069670915604,35.134321309247746
K130_a0.0,1,0.1533660590648651,94.17083298796493
K130_a0.0,2,0.06861938536167145,60.76700455401819
K130_a0.0,3,0.12688450515270233,23.28418170717506
K130_a0.0,4,0.19914688169956207,45.18856595607846
K130_a0.0,5,0.16613490879535675,163.69871615810865
K130_a0.0,6,0.13545313477516174,36.76660559232312
K130_a0.0,7,0.2197881042957306,47.29441453281214
K130_a0.0,8,0.0856652483344078,52.42482167871156
K130_a0.0,9,0.2448771744966507,45.803480901960434
K130_a0.0,10,0.18091869354248047,125.78761510597005
K130_a0.0,11,0.35903027653694153,44.9120440243236
K130_a0.0,12,0.2697679400444031,58.15027449653164
K130_a0.0,13,0.10354989022016525,42.36246057272076
K130_a0.0,14,0.19157657027244568,41.39723941886828
K130_a0.0,15,0.23122571408748627,89.1927782141528
K130_a0.0,16,0.3184681534767151,61.20283780386438
K130_a0.0,17,0.2527533769607544,34.94762133498354
K130_a0.0,18,0.1898144781589508,49.835193634732
K130_a0.0,19,0.14240095019340515,49.67890790398278
K130_a0.0,20,0.2224554717540741,37.55285958930691
K130_a0.0,21,0.20349478721618652,36.483755868288476
K130_a0.0,22,0.3470039963722229,50.79982298107151
K130_a0.0,23,0.4851597249507904,103.94691518242047
K130_a0.0,24,0.1747196465730667,41.82239471887057
K130_a0.0,25,0.15720167756080627,69.27709842699828
K130_a0.0,26,0.20831134915351868,37.41743836529299
K130_a0.0,27,0.07965763658285141,53.4743447159082
K130_a0.0,28,0.151284858584404,40.83738909814613
K130_a0.0,29,0.21673759818077087,58.84902542256739
K130_a0.0,30,0.24291245639324188,34.13741561506624
K130_a0.0,31,0.1902773678302765,54.73801873355946
K130_a0.0,32,0.21674135327339172,39.65310133541129
K130_a0.0,33,0.2898259162902832,52.068795992917906
K130_a0.0,34,0.17261993885040283,63.912711361008746
K130_a0.0,35,0.11860963702201843,58.588575944838404
K130_a0.0,36,0.2967398762702942,56.817372337091996
K130_a0.0,37,0.18782441318035126,46.42225987721887
K130_a0.0,38,0.28322821855545044,38.26741360372695
K130_a0.0,39,0.2915385663509369,121.95694200057385
K130_a0.0,40,0.3808097839355469,55.13597123113859
K130_a0.0,41,0.2022579163312912,55.744421764968564
K130_a0.0,42,0.15582963824272156,65.03845414690342
K130_a0.0,43,0.3824673593044281,110.63216322962491
K130_a0.0,44,0.09800383448600769,54.45656565117581
K130_a0.0,45,0.26138386130332947,58.16637308635161
K130_a0.0,46,0.15211749076843262,61.387948361450974
K130_a0.0,47,0.12384070456027985,60.8446958916865
K130_a0.0,48,0.27299997210502625,45.2036444954622
K130_a0.0,49,0.24896275997161865,34.98750596197365
K130_a0.0,50,0.2070019394159317,38.87717406979962
K130_a0.0,51,0.15629751980304718,50.44366200696081
K130_a0.0,52,0.37328290939331055,51.01588532198026
K130_a0.0,53,0.11121948063373566,43.05021505610589
K130_a0.0,54,0.2210884541273117,51.668756477123445
K130_a0.0,55,0.21605607867240906,81.49125549089968
K130_a0.0,56,0.25642210245132446,62.20008371220932
K130_a0.0,57,0.16092942655086517,42.88840087647273
K130_a0.0,58,0.27310752868652344,43.85429412023648
K130_a0.0,59,0.30865100026130676,159.51169179021804
K130_a0.0,60,0.1493462473154068,87.12013567371537
K130_a0.0,61,0.17659947276115417,49.12424303451571
K130_a0.0,62,0.18452173471450806,57.29552980966557
K130_a0.0,63,0.1846364289522171,95.64366815098339
K130_a0.0,64,0.22827063500881195,52.75726607037597
K130_a0.0,65,0.14871490001678467,44.90633380501912
K130_a0.0,66,0.2426108717918396,43.47946330525092
K130_a0.0,67,0.14881561696529388,44.66587088265437
K130_a0.0,68,0.18497277796268463,54.566595844290234
K130_a0.0,69,0.256803035736084,38.249743843148906
K130_a0.0,70,0.216240793466568,67.94296703696193
K130_a0.0,71,0.18868692219257355,43.29091336410347
K130_a0.0,72,0.09188953787088394,47.677762492244966
K130_a0.0,73,0.11798116564750671,60.697248238182155
K130_a0.0,74,0.25607457756996155,35.64769976515095
K130_a0.0,75,0.319223016500473,114.03466481477005
K130_a0.0,76,0.19109691679477692,160.59751563496104
K130_a0.0,77,0.24447254836559296,60.42311081489042
K130_a0.0,78,0.24258391559123993,50.64651513856272
K130_a0.0,79,0.18003864586353302,72.83350706338535
K130_a0.0,80,0.1551552414894104,52.841017029039065
K130_a0.0,81,0.20396959781646729,52.390034721346
K130_a0.0,82,0.5083028078079224,93.65986365041871
K130_a0.0,83,0.1711568683385849,64.94412583059083
K130_a0.0,84,0.27957117557525635,90.64610731535632
K130_a0.0,85,0.12847203016281128,132.1649488681244
K130_a0.0,86,0.4038006663322449,110.80358701260381
K130_a0.0,87,0.14630715548992157,55.24533188001539
K130_a0.0,88,0.38846901059150696,71.93504003242029
K130_a0.0,89,0.23140104115009308,31.683720635884733
K130_a0.0,90,0.2241644263267517,60.45259483303447
K130_a0.0,91,0.20927581191062927,72.59107624301545
K130_a0.0,92,0.1569909304380417,37.36703387107118
K130_a0.0,93,0.22359108924865723,71.73231116371987
K130_a0.0,94,0.17528367042541504,66.04534598651009
K130_a0.0,95,0.16951614618301392,44.86377114867818
K130_a0.0,96,0.07907521724700928,38.27207203315516
K130_a0.0,97,0.15601851046085358,57.52165749462649
K130_a0.0,98,0.22750966250896454,40.34197577743643
K130_a0.0,99,0.3031364679336548,68.38900153684318
K130_a0.0,100,0.3514420986175537,47.23040112062934
K130_a0.0,101,0.1336510181427002,46.64810422408475
K130_a0.0,102,0.20793785154819489,42.049597667054734
K130_a0.0,103,0.22644945979118347,53.874757293748296
K130_a0.0,104,0.3581632077693939,90.42729589457122
K130_a0.0,105,0.07991857081651688,66.00703908199048
K130_a0.0,106,0.3556273579597473,86.13790595522035
K130_a0.0,107,0.1410434991121292,50.79077260927643
K130_a0.0,108,0.2285664677619934,58.971794643066154
K130_a0.0,109,0.33279502391815186,73.13104616903055
K130_a0.0,110,0.16708923876285553,50.275909085881665
K130_a0.0,111,0.13036289811134338,44.66114307142245
K130_a0.0,112,0.29233062267303467,34.23035809820568
K130_a0.0,113,0.18588966131210327,58.25563912225753
K130_a0.0,114,0.1590329110622406,46.79059677785089
K130_a0.0,115,0.12349129468202591,74.62050376829583
K130_a0.0,116,0.1092209741473198,55.30738672004115
K130_a0.0,117,0.09576893597841263,85.53705929311543
K130_a0.0,118,0.12813523411750793,55.58250929019462
K130_a0.0,119,0.2602452039718628,54.81880807811061
K130_a0.0,120,0.15060646831989288,68.71280150042298
K130_a0.0,121,0.20768924057483673,68.99713405031486
K130_a0.0,122,0.264309287071228,39.35356928730089
K130_a0.0,123,0.287416934967041,121.2565188664459
K130_a0.0,124,0.22938022017478943,53.035742458725885
K130_a0.0,125,0.1583385318517685,38.854302619516176
K130_a0.0,126,0.23799410462379456,54.17916654322194
K130_a0.0,127,0.27214309573173523,86.14168155700057
K130_a0.0,128,0.36227476596832275,44.96433885586307
K130_a0.0,129,0.13105309009552002,36.09881001581211
K140_a0.0,0,0.1286976933479309,35.50001589768953
K140_a0.0,1,0.11387564241886139,109.95572826673899
K140_a0.0,2,0.06994568556547165,66.48877950143388
K140_a0.0,3,0.1433655172586441,21.908520256536722
K140_a0.0,4,0.19914688169956207,47.11725745905441
K140_a0.0,5,0.16878177225589752,212.49801406936638
K140_a0.0,6,0.1566678136587143,34.4557592289723
K140_a0.0,7,0.17165185511112213,45.003896007687175
K140_a0.0,8,0.08566524088382721,50.39988344227278
K140_a0.0,9,0.20823191106319427,47.714381413333726
K140_a0.0,10,0.18264354765415192,122.74652461534906
K140_a0.0,11,0.3394280672073364,44.80112450718431
K140_a0.0,12,0.20812030136585236,62.131303945717626
K140_a0.0,13,0.1123809888958931,40.13611649506843
K140_a0.0,14,0.18205171823501587,41.97573568865078
K140_a0.0,15,0.27001744508743286,94.00631869104348
K140_a0.0,16,0.29010629653930664,46.162010550400915
K140_a0.0,17,0.25094541907310486,33.375489588354604
K140_a0.0,18,0.2404228001832962,53.31947584852579
K140_a0.0,19,0.14891088008880615,45.122299719535214
K140_a0.0,20,0.23662608861923218,36.8055959370463
K140_a0.0,21,0.22129175066947937,36.05207527151822
K140_a0.0,22,0.3529396057128906,56.22264566952911
K140_a0.0,23,0.3716996908187866,79.91155848242506
K140_a0.0,24,0.16733089089393616,42.89894866148028
K140_a0.0,25,0.1509627401828766,68.28021241336498
K140_a0.0,26,0.20831134915351868,34.208600026541596
K140_a0.0,27,0.09987076371908188,50.209331636703155
K140_a0.0,28,0.16660885512828827,39.980950729123215
K140_a0.0,29,0.21673759818077087,59.22227273073268
K140_a0.0,30,0.21108731627464294,70.16883784478462
K140_a0.0,31,0.1902773529291153,52.52675245850049
K140_a0.0,32,0.22481673955917358,39.6835672936052
K140_a0.0,33,0.22354266047477722,48.09020842818255
K140_a0.0,34,0.22134028375148773,54.95280733697761
K140_a0.0,35,0.1255214810371399,57.85951712657116
K140_a0.0,36,0.14909838140010834,47.04482354123884
K140_a0.0,37,0.23490309715270996,47.07769292256751
K140_a0.0,38,0.2832282483577728,38.64574319198729
K140_a0.0,39,0.27527350187301636,45.33657094831684
K140_a0.0,40,0.3747605085372925,52.29767313669963
K140_a0.0,41,0.2053627073764801,46.59817462718549
K140_a0.0,42,0.1259833723306656,60.778308931164574
K140_a0.0,43,0.19713957607746124,39.02371965602526
K140_a0.0,44,0.12723322212696075,53.04455567712822
K140_a0.0,45,0.20064164698123932,52.91623363669314
K140_a0.0,46,0.1506267935037613,56.879646599599226
K140_a0.0,47,0.12384071201086044,58.816543392717
K140_a0.0,48,0.23304498195648193,40.54199689161283
K140_a0.0,49,0.24896275997161865,35.23292556003978
K140_a0.0,50,0.1891663670539856,38.53088649660088
K140_a0.0,51,0.1402471959590912,54.681547447424514
K140_a0.0,52,0.4066196084022522,46.224394140888805
K140_a0.0,53,0.11287491768598557,42.13554900534581
K140_a0.0,54,0.22694651782512665,52.606418303104114
K140_a0.0,55,0.13650275766849518,84.37742028491576
K140_a0.0,56,0.25642213225364685,61.19504093042778
K140_a0.0,57,0.16092942655086517,42.74014945214405
K140_a0.0,58,0.27310752868652344,44.91207607234591
K140_a0.0,59,0.29256880283355713,158.30719330773317
K140_a0.0,60,0.18600615859031677,84.26358413900714
K140_a0.0,61,0.10728530585765839,36.4018310975853
K140_a0.0,62,0.1175934374332428,126.76281271736904
K140_a0.0,63,0.1846364289522171,94.07940430833916
K140_a0.0,64,0.21755675971508026,55.84653132678131
K140_a0.0,65,0.15782468020915985,44.71751426705652
K140_a0.0,66,0.2426108717918396,44.375622480116576
K140_a0.0,67,0.14881561696529388,45.56550739337785
K140_a0.0,68,0.18847310543060303,50.07475636062757
K140_a0.0,69,0.24126282334327698,34.369513119451646
K140_a0.0,70,0.21624082326889038,70.78758764484391
K140_a0.0,71,0.2105650007724762,41.963584927645876
K140_a0.0,72,0.2875538468360901,97.3140097195464
K140_a0.0,73,0.20567265152931213,50.012944138321544
K140_a0.0,74,0.23577287793159485,32.41782581701846
K140_a0.0,75,0.16510817408561707,66.81972850620524
K140_a0.0,76,0.288684219121933,45.19308847225122
K140_a0.0,77,0.17150910198688507,53.57030616753474
K140_a0.0,78,0.20753329992294312,50.824439782414984
K140_a0.0,79,0.17325256764888763,69.37774698522733
K140_a0.0,80,0.2768764793872833,59.91420951341028
K140_a0.0,81,0.2885967493057251,68.83622205697469
K140_a0.0,82,0.1345137506723404,77.55057842141197
K140_a0.0,83,0.33844172954559326,129.93791943417096
K140_a0.0,84,0.28449466824531555,86.37641048435034
K140_a0.0,85,0.33572903275489807,78.87793022606459
K140_a0.0,86,0.18497014045715332,53.70688999729344
K140_a0.0,87,0.4038006663322449,107.12452075283723
K140_a0.0,88,0.3571164309978485,63.92927656218332
K140_a0.0,89,0.22731222212314606,33.08343554751488
K140_a0.0,90,0.1223006322979927,49.07399015825742
K140_a0.0,91,0.09552711993455887,39.20171215339919
K140_a0.0,92,0.1440001130104065,38.40490456604746
K140_a0.0,93,0.10751072317361832,62.55654003989428
K140_a0.0,94,0.15192101895809174,69.69038568259904
K140_a0.0,95,0.07967779040336609,38.185647339639
K140_a0.0,96,0.21525532007217407,60.85819324676476
K140_a0.0,97,0.15601852536201477,55.318925773331806
K140_a0.0,98,0.11155727505683899,54.470477144199904
K140_a0.0,99,0.5083028078079224,90.34729135898291
K140_a0.0,100,0.10430322587490082,67.76768307495351
K140_a0.0,101,0.30070793628692627,94.27541467625451
K140_a0.0,102,0.2627875506877899,67.63892094124931
K140_a0.0,103,0.2485531121492386,63.49317714725651
K140_a0.0,104,0.334094375371933,110.81574366659322
K140_a0.0,105,0.16105309128761292,82.64056990015062
K140_a0.0,106,0.2279440313577652,63.70953561974176
K140_a0.0,107,0.28780075907707214,34.40132594615352
K140_a0.0,108,0.26925355195999146,68.65038809022296
K140_a0.0,109,0.264309287071228,39.530278485387676
K140_a0.0,110,0.40784040093421936,39.44879876292986
K140_a0.0,111,0.13268689811229706,38.46029260368488
K140_a0.0,112,0.17012563347816467,135.9136691949538
K140_a0.0,113,0.22807571291923523,46.98977371214064
K140_a0.0,114,0.176680326461792,69.7039101757013
K140_a0.0,115,0.1520175337791443,53.71226523437883
K140_a0.0,116,0.22432328760623932,54.19528101855368
K140_a0.0,117,0.28463733196258545,50.95847878486148
K140_a0.0,118,0.14324618875980377,48.65126307518539
K140_a0.0,119,0.2232726663351059,46.235863682441824
K140_a0.0,120,0.2158232182264328,54.03636648162167
K140_a0.0,121,0.40275853872299194,83.28590889607383
K140_a0.0,122,0.2542728781700134,82.2772056965875
K140_a0.0,123,0.287120521068573,68.15539316474464
K140_a0.0,124,0.2649497091770172,56.05906499848719
K140_a0.0,125,0.06910969316959381,41.25362369505724
K140_a0.0,126,0.49854928255081177,90.79222388966767
K140_a0.0,127,0.1217808946967125,44.75430865259836
K140_a0.0,128,0.16042236983776093,39.03951196643079
K140_a0.0,129,0.10636131465435028,52.54935830279353
K140_a0.0,130,0.08848851919174194,75.69598647703307
K140_a0.0,131,0.32328087091445923,64.62044642849904
K140_a0.0,132,0.12446564435958862,57.46692315043143
K140_a0.0,133,0.25728946924209595,50.13567565865562
K140_a0.0,134,0.27893200516700745,51.152823450543565
K140_a0.0,135,0.18848513066768646,35.612591110489454
K140_a0.0,136,0.20949283242225647,49.3031419705347
K140_a0.0,137,0.2642010748386383,57.604217377767895
K140_a0.0,138,0.11348200589418411,47.633644735186785
K140_a0.0,139,0.15628883242607117,69.05965636419963
K150_a0.0,0,0.1499878168106079,36.799227764229094
K150_a0.0,1,0.21438035368919373,70.75193369410222
K150_a0.0,2,0.2408161759376526,88.23609222900839
K150_a0.0,3,0.12688450515270233,23.048439082503506
K150_a0.0,4,0.18192586302757263,44.13298612608647
K150_a0.0,5,0.13746145367622375,211.00375733340613
K150_a0.0,6,0.1440320909023285,38.843183020259765
K150_a0.0,7,0.19306780397891998,44.68667490857917
K150_a0.0,8,0.08694301545619965,45.48364724170243
K150_a0.0,9,0.2448771744966507,47.81947691069994
K150_a0.0,10,0.21116280555725098,108.24767030418157
K150_a0.0,11,0.38613611459732056,48.186307201129914
K150_a0.0,12,0.25550180673599243,53.24177955317554
K150_a0.0,13,0.10568008571863174,38.660157515806645
K150_a0.0,14,0.19157660007476807,40.64561417596356
K150_a0.0,15,0.24451251327991486,97.46580681295208
K150_a0.0,16,0.2882188856601715,50.671969879998045
K150_a0.0,17,0.25094541907310486,34.86545888844
K150_a0.0,18,0.19293753802776337,44.32717088841862
K150_a0.0,19,0.1298774629831314,45.59447626679874
K150_a0.0,20,0.22753681242465973,35.03541243592315
K150_a0.0,21,0.1731460839509964,35.99973124083954
K150_a0.0,22,0.3506472408771515,50.610486366294516
K150_a0.0,23,0.5071916580200195,85.69239456058256
K150_a0.0,24,0.17419901490211487,42.63001129442661
K150_a0.0,25,0.11671191453933716,61.11263261633769
K150_a0.0,26,0.16141822934150696,33.57945549159151
K150_a0.0,27,0.06997036188840866,49.89862637146541
K150_a0.0,28,0.14674589037895203,38.17546742926558
K150_a0.0,29,0.22835993766784668,58.73285288989117
K150_a0.0,30,0.2474825382232666,57.44133103984681
K150_a0.0,31,0.204301118850708,54.68188347027182
K150_a0.0,32,0.18566055595874786,33.868520272715614
K150_a0.0,33,0.22354267537593842,45.9758698781832
K150_a0.0,34,0.12299354374408722,39.2225145644608
K150_a0.0,35,0.12896913290023804,59.46989762337837
K150_a0.0,36,0.4038006365299225,114.87419473146271
K150_a0.0,37,0.23490314185619354,48.488967918520466
K150_a0.0,38,0.22307680547237396,37.47100282480079
K150_a0.0,39,0.3778237998485565,89.27228045348996
K150_a0.0,40,0.3595846891403198,48.78959643627634
K150_a0.0,41,0.2275933176279068,45.34055105154038
K150_a0.0,42,0.1168425977230072,57.34137388391145
K150_a0.0,43,0.24345634877681732,43.97716473385014
K150_a0.0,44,0.09800383448600769,54.50143146137683
K150_a0.0,45,0.15061824023723602,52.568928144462376
K150_a0.0,46,0.1545860767364502,56.51410769757548
K150_a0.0,47,0.14113600552082062,58.89018646717626
K150_a0.0,48,0.263761430978775,48.81848333365945
K150_a0.0,49,0.26800018548965454,33.82327054807099
K150_a0.0,50,0.19503246247768402,37.882889066863015
K150_a0.0,51,0.14450930058956146,55.962443914164325
K150_a0.0,52,0.1537826806306839,36.729634621714034
K150_a0.0,53,0.08536522835493088,33.14200660956534
K150_a0.0,54,0.20693859457969666,50.94203294307647
K150_a0.0,55,0.2697543501853943,64.18387386130492
K150_a0.0,56,0.25642210245132446,62.434176652939925
K150_a0.0,57,0.1688377857208252,43.39625408123157
K150_a0.0,58,0.2236364781856537,46.19462565813749
K150_a0.0,59,0.35124632716178894,169.23075550716916
K150_a0.0,60,0.15047290921211243,89.16675368572159
K150_a0.0,61,0.17659948766231537,47.52366306016199
K150_a0.0,62,0.1934194564819336,142.83078053987626
K150_a0.0,63,0.1846364289522171,98.07303425326384
K150_a0.0,64,0.1642606556415558,49.03402901514496
K150_a0.0,65,0.4066196084022522,46.69573102808686
K150_a0.0,66,0.2426108419895172,41.97042843011251
K150_a0.0,67,0.14881561696529388,45.21121557561102
K150_a0.0,68,0.1816912740468979,51.4576718628953
K150_a0.0,69,0.256803035736084,38.47264419298296
K150_a0.0,70,0.216240793466568,65.52334672139101
K150_a0.0,71,0.20480147004127502,45.463759241684265
K150_a0.0,72,0.08802540600299835,50.3751066325907
K150_a0.0,73,0.16831320524215698,59.54126888087129
K150_a0.0,74,0.23577287793159485,34.11599770880512
K150_a0.0,75,0.1614701747894287,59.886430707518244
K150_a0.0,76,0.26370948553085327,87.84955422777048
K150_a0.0,77,0.19673502445220947,50.967150242103024
K150_a0.0,78,0.2531925141811371,44.03272092479115
K150_a0.0,79,0.17325256764888763,67.81796723959808
K150_a0.0,80,0.2294398993253708,106.98980444888174
K150_a0.0,81,0.20517152547836304,50.87153271369758
K150_a0.0,82,0.18364539742469788,49.34123059880236
K150_a0.0,83,0.33977240324020386,119.72734728900463
K150_a0.0,84,0.2875538468360901,99.9614394688694
K150_a0.0,85,0.10603687167167664,63.5002690596291
K150_a0.0,86,0.23644079267978668,67.30706269144277
K150_a0.0,87,0.22341197729110718,35.60163984519282
K150_a0.0,88,0.44809022545814514,72.34202724442966
K150_a0.0,89,0.14366139471530914,36.44334450011781
K150_a0.0,90,0.1858447790145874,56.84919681345563
K150_a0.0,91,0.06992267072200775,38.49523977775
K150_a0.0,92,0.18572838604450226,65.38570512660209
K150_a0.0,93,0.15782682597637177,63.53583017015015
K150_a0.0,94,0.1847270280122757,60.24821979182734
K150_a0.0,95,0.057923752814531326,66.78694821651027
K150_a0.0,96,0.16407600045204163,54.084914560871546
K150_a0.0,97,0.2015739232301712,51.65949531794776
K150_a0.0,98,0.2279440313577652,61.15330084068797
K150_a0.0,99,0.3265124261379242,100.6739904322899
K150_a0.0,100,0.5083028674125671,93.12573354816193
K150_a0.0,101,0.13655568659305573,51.115478871242566
K150_a0.0,102,0.2569423317909241,51.206427028442455
K150_a0.0,103,0.16916294395923615,46.207888548582204
K150_a0.0,104,0.3622560203075409,88.37913184110731
K150_a0.0,105,0.333968847990036,77.03621426668991
K150_a0.0,106,0.18445727229118347,47.90055594291814
K150_a0.0,107,0.3088386356830597,36.521301605667624
K150_a0.0,108,0.10170356929302216,43.993119999257566
K150_a0.0,109,0.35610440373420715,35.72112522226396
K150_a0.0,110,0.264309287071228,41.28748886597866
K150_a0.0,111,0.25728949904441833,53.07857047787019
K150_a0.0,112,0.11737082898616791,46.33729765945857
K150_a0.0,113,0.08436739444732666,37.15224752505291
K150_a0.0,114,0.10778916627168655,63.33300795606317
K150_a0.0,115,0.16295351088047028,35.64637056991066
K150_a0.0,116,0.1329817920923233,52.37409090108093
K150_a0.0,117,0.15116824209690094,34.97394763407393
K150_a0.0,118,0.2555564343929291,83.22667021473522
K150_a0.0,119,0.16751337051391602,48.13501051440528
K150_a0.0,120,0.2955496907234192,62.49880615738575
K150_a0.0,121,0.2677456736564636,50.67088615089724
K150_a0.0,122,0.3759441673755646,57.42164760343021
K150_a0.0,123,0.28009340167045593,67.97240114330928
K150_a0.0,124,0.2254439741373062,54.726340141821055
K150_a0.0,125,0.3654496371746063,46.73645935472797
K150_a0.0,126,0.4238286316394806,96.5924724434946
K150_a0.0,127,0.07320349663496017,46.75878664330493
K150_a0.0,128,0.06989920139312744,60.93557541880067
K150_a0.0,129,0.37742874026298523,99.32506584193767
K150_a0.0,130,0.12321536988019943,61.45283618595951
K150_a0.0,131,0.0941527783870697,69.02323225679456
K150_a0.0,132,0.07197630405426025,39.87548172523214
K150_a0.0,133,0.1766088753938675,69.10338829913353
K150_a0.0,134,0.23966190218925476,51.10521563829544
K150_a0.0,135,0.18684843182563782,124.80655594233865
K150_a0.0,136,0.32769525051116943,57.11551578039544
K150_a0.0,137,0.26878446340560913,67.26915748024503
K150_a0.0,138,0.27680090069770813,67.82588211495721
K150_a0.0,139,0.11400752514600754,55.75279626075444
K150_a0.0,140,0.11868423968553543,46.864382091997804
K150_a0.0,141,0.2533337473869324,44.2769797827346
K150_a0.0,142,0.1666184961795807,74.95721956033752
K150_a0.0,143,0.19985662400722504,47.5482638237281
K150_a0.0,144,0.17614632844924927,51.82048249343643
K150_a0.0,145,0.23909057676792145,47.833968348802024
K150_a0.0,146,0.2649497091770172,57.175839716182175
K150_a0.0,147,0.2086532860994339,50.00876324184207
K150_a0.0,148,0.19527626037597656,64.45560122225547
K150_a0.0,149,0.11567145586013794,50.18058417234746
K160_a0.0,0,0.1499878168106079,34.56945391874065
K160_a0.0,1,0.09110794216394424,183.40867128159744
K160_a0.0,2,0.26754820346832275,58.15854644967014
K160_a0.0,3,0.12392384558916092,24.265243329959794
K160_a0.0,4,0.17515872418880463,41.7704760678202
K160_a0.0,5,0.12569208443164825,86.01078072973992
K160_a0.0,6,0.12931758165359497,34.93574400663926
K160_a0.0,7,0.23199060559272766,61.61262171242658
K160_a0.0,8,0.09871044009923935,49.0950092673323
K160_a0.0,9,0.2448771744966507,48.90586960839904
K160_a0.0,10,0.09606269001960754,79.18831229888103
K160_a0.0,11,0.38613611459732056,46.01122773868459
K160_a0.0,12,0.27026474475860596,52.714461477813636
K160_a0.0,13,0.12619057297706604,38.556917504604094
K160_a0.0,14,0.17887210845947266,38.08955298413722
K160_a0.0,15,0.24178780615329742,86.06390843467452
K160_a0.0,16,0.313116192817688,59.37160802443917
K160_a0.0,17,0.2744199335575104,33.17150764396548
K160_a0.0,18,0.17990733683109283,44.73680692695108
K160_a0.0,19,0.11739836633205414,41.195889881549896
K160_a0.0,20,0.1941707581281662,40.2859939882461
K160_a0.0,21,0.15131644904613495,37.357502661058554
K160_a0.0,22,0.3506472408771515,49.35645239688309
K160_a0.0,23,0.4335373044013977,58.624664083792666
K160_a0.0,24,0.177896186709404,39.71552228155362
K160_a0.0,25,0.11803937703371048,59.609299546000685
K160_a0.0,26,0.20831134915351868,31.758033481101346
K160_a0.0,27,0.06893420964479446,45.14022018590958
K160_a0.0,28,0.14354835450649261,37.12490147497081
K160_a0.0,29,0.21673759818077087,60.79282905675824
K160_a0.0,30,0.1955695003271103,61.56738301878086
K160_a0.0,31,0.1902773678302765,50.567126822453744
K160_a0.0,32,0.18566055595874786,34.47229154904656
K160_a0.0,33,0.2790074646472931,49.104840103733544
K160_a0.0,34,0.11407988518476486,45.342495713466825
K160_a0.0,35,0.11878103762865067,55.969921484119155
K160_a0.0,36,0.2786030173301697,61.27550478262736
K160_a0.0,37,0.21134495735168457,51.908802695874904
K160_a0.0,38,0.24424603581428528,37.378520290092354
K160_a0.0,39,0.2672131657600403,99.84448060383986
K160_a0.0,40,0.3808097839355469,50.80080024974234
K160_a0.0,41,0.2026589959859848,53.615355370302716
K160_a0.0,42,0.12669780850410461,60.24873171117196
K160_a0.0,43,0.2354864776134491,37.37585633366345
K160_a0.0,44,0.11490119993686676,53.522790049990775
K160_a0.0,45,0.15061824023723602,53.698276588716794
K160_a0.0,46,0.1536257117986679,56.66331903892034
K160_a0.0,47,0.12430524080991745,45.897342531488476
K160_a0.0,48,0.2800891399383545,46.298600078291614
K160_a0.0,49,0.26800018548965454,33.64283213458812
K160_a0.0,50,0.1891663670539856,38.174777130120994
K160_a0.0,51,0.09793386608362198,48.4385625741072
K160_a0.0,52,0.1903153359889984,64.27879178088251
K160_a0.0,53,0.15712174773216248,48.703558403222104
K160_a0.0,54,0.22694651782512665,50.54232565006424
K160_a0.0,55,0.2697543501853943,68.45389949757731
K160_a0.0,56,0.25642210245132446,63.62147472220526
K160_a0.0,57,0.15142343938350677,40.8739366245904
K160_a0.0,58,0.2236364781856537,46.15727121712431
K160_a0.0,59,0.3086509704589844,162.31928766190936
K160_a0.0,60,0.147518590092659,100.21549062463177
K160_a0.0,61,0.1363993138074875,44.29287316456664
K160_a0.0,62,0.12380509823560715,108.98639170247846
K160_a0.0,63,0.11818990856409073,76.4631291038131
K160_a0.0,64,0.1642606556415558,48.3607912584698
K160_a0.0,65,0.36216145753860474,49.99222732186144
K160_a0.0,66,0.2426108419895172,39.57051613473564
K160_a0.0,67,0.14423124492168427,44.90085404632336
K160_a0.0,68,0.1816912591457367,49.892552371920274
K160_a0.0,69,0.14922824501991272,34.14572644306244
K160_a0.0,70,0.19123432040214539,64.88420092039634
K160_a0.0,71,0.19820182025432587,43.987964351627554
K160_a0.0,72,0.11222691088914871,43.2323549241667
K160_a0.0,73,0.20517154037952423,50.539606472486746
K160_a0.0,74,0.2475147694349289,36.77812165681888
K160_a0.0,75,0.17719294130802155,49.04267481293127
K160_a0.0,76,0.24126282334327698,35.219053746602306
K160_a0.0,77,0.13397052884101868,46.76230744571707
K160_a0.0,78,0.27231717109680176,43.57940905818167
K160_a0.0,79,0.17698781192302704,71.55658097470868
K160_a0.0,80,0.22196398675441742,78.93668832978312
K160_a0.0,81,0.4136814475059509,84.03008235911932
K160_a0.0,82,0.1679210513830185,46.883110715451664
K160_a0.0,83,0.3342021405696869,114.5733051336827
K160_a0.0,84,0.27957114577293396,90.39344841043953
K160_a0.0,85,0.3265124559402466,110.6733114536457
K160_a0.0,86,0.13422945141792297,37.805007966795465
K160_a0.0,87,0.20408424735069275,60.612794124719414
K160_a0.0,88,0.3571164309978485,65.90316576554522
K160_a0.0,89,0.22053301334381104,34.23102196090094
K160_a0.0,90,0.09927885234355927,53.11295209465656
K160_a0.0,91,0.06618931144475937,37.103027497358916
K160_a0.0,92,0.16824457049369812,60.54610406109901
K160_a0.0,93,0.11183081567287445,56.69506563395691
K160_a0.0,94,0.14680767059326172,66.06649421748334
K160_a0.0,95,0.21525532007217407,57.32155116983899
K160_a0.0,96,0.1498366892337799,55.031792049143185
K160_a0.0,97,0.1663513481616974,45.321525037694016
K160_a0.0,98,0.2349570393562317,48.983965353959064
K160_a0.0,99,0.5083028078079224,92.27939422924996
K160_a0.0,100,0.13664931058883667,39.659902255914226
K160_a0.0,101,0.2871204912662506,73.97584551095265
K160_a0.0,102,0.26446765661239624,54.967394810413786
K160_a0.0,103,0.1298936903476715,45.69516922553505
K160_a0.0,104,0.16164584457874298,57.558448141245975
K160_a0.0,105,0.1759582906961441,80.71004203897853
K160_a0.0,106,0.32303327322006226,70.82359703899685
K160_a0.0,107,0.3169374167919159,37.27904870914012
K160_a0.0,108,0.11887186020612717,53.834663500955116
K160_a0.0,109,0.264309287071228,39.485428819312794
K160_a0.0,110,0.20057833194732666,44.75145867893746
K160_a0.0,111,0.07216937839984894,72.1002151361464
K160_a0.0,112,0.33279499411582947,71.01794558244035
K160_a0.0,113,0.34163400530815125,93.91430128860176
K160_a0.0,114,0.17583510279655457,55.16914261657878
K160_a0.0,115,0.126198410987854,47.54908024224968
K160_a0.0,116,0.2495901733636856,46.14338099005778
K160_a0.0,117,0.09653449803590775,83.48808126754032
K160_a0.0,118,0.30814117193222046,94.35728897177842
K160_a0.0,119,0.19858233630657196,41.43507024282264
K160_a0.0,120,0.18021434545516968,38.22655197026884
K160_a0.0,121,0.12584753334522247,44.53160335983493
K160_a0.0,122,0.29209277033805847,61.466545732596984
K160_a0.0,123,0.2580935060977936,66.90392375491945
K160_a0.0,124,0.2145051509141922,61.74429663328655
K160_a0.0,125,0.06112496182322502,59.752439773478656
K160_a0.0,126,0.18497014045715332,54.398965149505685
K160_a0.0,127,0.21116280555725098,85.83344340898499
K160_a0.0,128,0.5650556683540344,76.22714982527407
K160_a0.0,129,0.32417887449264526,54.16076834173108
K160_a0.0,130,0.18048284947872162,79.86854817966008
K160_a0.0,131,0.24972550570964813,46.33685855101931
K160_a0.0,132,0.09012632071971893,41.503109446607574
K160_a0.0,133,0.25127819180488586,94.76720191849492
K160_a0.0,134,0.20456840097904205,46.834532467429845
K160_a0.0,135,0.18848513066768646,36.74789136415015
K160_a0.0,136,0.22134028375148773,60.143888348945744
K160_a0.0,137,0.4038006365299225,103.3006497346546
K160_a0.0,138,0.3654496371746063,46.34832731745846
K160_a0.0,139,0.32328087091445923,63.328671845596396
K160_a0.0,140,0.2495095133781433,67.26755009522108
K160_a0.0,141,0.3346770107746124,125.91336328572324
K160_a0.0,142,0.16066810488700867,48.969848620526065
K160_a0.0,143,0.18636251986026764,38.20799883548477
K160_a0.0,144,0.27822843194007874,56.014799398866806
K160_a0.0,145,0.20317208766937256,55.63922727926839
K160_a0.0,146,0.10774074494838715,60.30551608315321
K160_a0.0,147,0.1689911037683487,79.8292599566473
K160_a0.0,148,0.2280748188495636,50.84468458320017
K160_a0.0,149,0.36227476596832275,43.787577950153334
K160_a0.0,150,0.10636131465435028,52.85613253558462
K160_a0.0,151,0.2206830084323883,50.24319867154851
K160_a0.0,152,0.16591781377792358,100.27102810057494
K160_a0.0,153,0.09705289453268051,60.93050593050819
K160_a0.0,154,0.24162699282169342,63.12494293904015
K160_a0.0,155,0.20542429387569427,46.818491811736145
K160_a0.0,156,0.3720799684524536,106.6187088933276
K160_a0.0,157,0.2694512903690338,77.28199643060402
K160_a0.0,158,0.1676713228225708,38.16628998595414
K160_a0.0,159,0.0889291763305664,49.44815436770202
K180_a0.0,0,0.16572479903697968,34.039454809576426
K180_a0.0,1,0.08414829522371292,59.84199406669832
K180_a0.0,2,0.08397361636161804,37.497905900408405
K180_a0.0,3,0.12437747418880463,21.209762192654697
K180_a0.0,4,0.15957936644554138,42.18977013489854
K180_a0.0,5,0.14983311295509338,199.7772391897365
K180_a0.0,6,0.1302097737789154,33.57229200561803
K180_a0.0,7,0.11808199435472488,42.97633719009776
K180_a0.0,8,0.08569715172052383,48.99655432081288
K180_a0.0,9,0.22168882191181183,48.12983942264442
K180_a0.0,10,0.14518533647060394,91.4999415477802
K180_a0.0,11,0.3260253369808197,44.43504167758068
K180_a0.0,12,0.26886895298957825,57.56582656310848
K180_a0.0,13,0.11861803382635117,37.992318676369045
K180_a0.0,14,0.18259219825267792,38.3532694375327
K180_a0.0,15,0.2220132052898407,87.10123320840567
K180_a0.0,16,0.2905344069004059,47.341660081964406
K180_a0.0,17,0.2752365469932556,33.1190854000411
K180_a0.0,18,0.17999570071697235,43.87602196012591
K180_a0.0,19,0.11101484298706055,41.528285850008935
K180_a0.0,20,0.22753681242465973,36.23054533111666
K180_a0.0,21,0.18075135350227356,37.35173702811602
K180_a0.0,22,0.3506472408771515,52.64166964188084
K180_a0.0,23,0.40470483899116516,62.72918583841528
K180_a0.0,24,0.17910398542881012,39.2725856529994
K180_a0.0,25,0.1043984442949295,38.45491614337047
K180_a0.0,26,0.18055449426174164,29.386727542906904
K180_a0.0,27,0.07380487769842148,40.929501604347976
K180_a0.0,28,0.13576766848564148,36.41135919057595
K180_a0.0,29,0.21673759818077087,59.024760474667495
K180_a0.0,30,0.1931973397731781,62.46126358702683
K180_a0.0,31,0.1902773678302765,51.57794874456477
K180_a0.0,32,0.19833944737911224,34.129038893866166
K180_a0.0,33,0.20033468306064606,44.310022193638055
K180_a0.0,34,0.1271212249994278,40.0783850778305
K180_a0.0,35,0.1361141800880432,53.432870610641416
K180_a0.0,36,0.2786030173301697,59.521982806075734
K180_a0.0,37,0.23490309715270996,47.85766216542031
K180_a0.0,38,0.2633116543292999,38.099690950470524
K180_a0.0,39,0.24758733808994293,113.5015961994179
K180_a0.0,40,0.3808097839355469,51.58894325403944
K180_a0.0,41,0.2275932878255844,44.61430819627894
K180_a0.0,42,0.12669780850410461,59.6650013905061
K180_a0.0,43,0.23595494031906128,39.326301066170906
K180_a0.0,44,0.12723322212696075,53.43723378123006
K180_a0.0,45,0.1876824051141739,51.811029139690085
K180_a0.0,46,0.1506267935037613,51.424109022910486
K180_a0.0,47,0.2232726663351059,46.461683215773355
K180_a0.0,48,0.2800891697406769,46.40181044901067
K180_a0.0,49,0.26800018548965454,35.18506184982101
K180_a0.0,50,0.19503246247768402,39.15097361790217
K180_a0.0,51,0.13851960003376007,47.689129932177586
K180_a0.0,52,0.13119785487651825,34.58285379401654
K180_a0.0,53,0.16857515275478363,49.48251255105981
K180_a0.0,54,0.20120395720005035,51.48297567315118
K180_a0.0,55,0.06477568298578262,41.881133444929965
K180_a0.0,56,0.27634063363075256,61.05391459322765
K180_a0.0,57,0.17379818856716156,41.520352009509836
K180_a0.0,58,0.27310752868652344,44.38891486508295
K180_a0.0,59,0.3260676860809326,156.84915181783583
K180_a0.0,60,0.1405709981918335,80.0831539397935
K180_a0.0,61,0.10131721198558807,35.09912984906762
K180_a0.0,62,0.20990397036075592,151.84880481005317
K180_a0.0,63,0.1069418340921402,66.45433808069828
K180_a0.0,64,0.20343449711799622,54.36978263658841
K180_a0.0,65,0.3752667307853699,45.75020864128666
K180_a0.0,66,0.22133180499076843,40.885245292801535
K180_a0.0,67,0.14881561696529388,46.209960569131766
K180_a0.0,68,0.18488699197769165,48.05050609220262
K180_a0.0,69,0.24126282334327698,34.92880153408985
K180_a0.0,70,0.19123432040214539,63.96352533333904
K180_a0.0,71,0.22733484208583832,44.35175700922388
K180_a0.0,72,0.09637799859046936,44.89986035350422
K180_a0.0,73,0.20517152547836304,48.75994672319808
K180_a0.0,74,0.22383974492549896,33.87984065660422
K180_a0.0,75,0.12430524826049805,42.915756873050285
K180_a0.0,76,0.2895493805408478,54.64458735140934
K180_a0.0,77,0.12565019726753235,53.27270945177937
K180_a0.0,78,0.26604652404785156,42.02714051020922
K180_a0.0,79,0.18676286935806274,62.538027277928684
K180_a0.0,80,0.3907845914363861,81.30399053747814
K180_a0.0,81,0.1649150550365448,84.74896665144362
K180_a0.0,82,0.1679210513830185,50.066404879300336
K180_a0.0,83,0.3463873267173767,115.74031283602334
K180_a0.0,84,0.27496445178985596,82.39731063628383
K180_a0.0,85,0.351384699344635,66.02151748142231
K180_a0.0,86,0.15800239145755768,37.31445680564926
K180_a0.0,87,0.2737257778644562,58.11742152960475
K180_a0.0,88,0.40277382731437683,66.79754765686803
K180_a0.0,89,0.22053301334381104,34.07401258394753
K180_a0.0,90,0.21525532007217407,58.88919956805301
K180_a0.0,91,0.08254428207874298,38.231323675850234
K180_a0.0,92,0.1515633761882782,55.087100294524625
K180_a0.0,93,0.12797291576862335,57.76396561243562
K180_a0.0,94,0.1885136514902115,65.15265514652539
K180_a0.0,95,0.06979987025260925,61.45608810221822
K180_a0.0,96,0.1535215973854065,52.48094941592274
K180_a0.0,97,0.1663513332605362,47.221326092503475
K180_a0.0,98,0.11155728250741959,54.61553938066359
K180_a0.0,99,0.5083028078079224,91.9275896058737
K180_a0.0,100,0.10942082852125168,58.72776654330401
K180_a0.0,101,0.39973893761634827,88.54804267480823
K180_a0.0,102,0.2431662678718567,60.262071705845614
K180_a0.0,103,0.1450645923614502,38.713528731390475
K180_a0.0,104,0.31613680720329285,96.7559438927684
K180_a0.0,105,0.24918092787265778,46.52209971591657
K180_a0.0,106,0.29142460227012634,62.284494525909984
K180_a0.0,107,0.3169374167919159,36.2758551542492
K180_a0.0,108,0.23550313711166382,40.13648281291233
K180_a0.0,109,0.264309287071228,39.65327813870786
K180_a0.0,110,0.14741306006908417,38.45922796669139
K180_a0.0,111,0.2474173605442047,51.52909977093081
K180_a0.0,112,0.16066810488700867,45.758383025403
K180_a0.0,113,0.2934483289718628,93.83095846930571
K180_a0.0,114,0.31632906198501587,50.95383634034131
K180_a0.0,115,0.0941527783870697,73.94090718513304
K180_a0.0,116,0.1624750792980194,48.00643358182488
K180_a0.0,117,0.08516000956296921,62.83225059274744
K180_a0.0,118,0.2658567726612091,65.72506187996808
K180_a0.0,119,0.25920313596725464,54.6259434104595
K180_a0.0,120,0.1632193624973297,134.32062921623674
K180_a0.0,121,0.23910516500473022,62.41645894626415
K180_a0.0,122,0.3301463723182678,61.967737154988065
K180_a0.0,123,0.12421228736639023,43.90478279761007
K180_a0.0,124,0.1759583204984665,82.76566472280854
K180_a0.0,125,0.11006420850753784,55.13416343658726
K180_a0.0,126,0.33279499411582947,63.98876120825758
K180_a0.0,127,0.12762011587619781,65.76057036873611
K180_a0.0,128,0.28193140029907227,39.03051886000182
K180_a0.0,129,0.5650556683540344,78.87434788110068
K180_a0.0,130,0.23569419980049133,48.6958140141857
K180_a0.0,131,0.18521839380264282,52.57955043352526
K180_a0.0,132,0.3177834749221802,64.67779107505069
K180_a0.0,133,0.09498083591461182,37.5916604978916
K180_a0.0,134,0.1794372946023941,55.46045532317051
K180_a0.0,135,0.3774287700653076,101.15569622138406
K180_a0.0,136,0.1140240952372551,55.08150167476355
K180_a0.0,137,0.09196069836616516,57.896019005225654
K180_a0.0,138,0.12715770304203033,68.3092071374234
K180_a0.0,139,0.17493575811386108,64.29791153876123
K180_a0.0,140,0.09504102170467377,47.63180887780073
K180_a0.0,141,0.31566816568374634,63.15536797914508
K180_a0.0,142,0.3654496371746063,49.06467547193162
K180_a0.0,143,0.11613689363002777,59.76054943075839
K180_a0.0,144,0.38428398966789246,112.4861820108444
K180_a0.0,145,0.2531079947948456,65.15198810775455
K180_a0.0,146,0.2643224596977234,75.40732327976912
K180_a0.0,147,0.18196220695972443,51.0945684565784
K180_a0.0,148,0.20273631811141968,65.11004952614876
K180_a0.0,149,0.16562369465827942,60.048327362783276
K180_a0.0,150,0.16164584457874298,56.76070853787852
K180_a0.0,151,0.10250415652990341,61.48619444516321
K180_a0.0,152,0.21130748093128204,53.21111797218211
K180_a0.0,153,0.10123389214277267,48.37441481655484
K180_a0.0,154,0.14301639795303345,38.17932949042222
K180_a0.0,155,0.26689451932907104,58.46803495509373
K180_a0.0,156,0.21244986355304718,35.723127941103556
K180_a0.0,157,0.26872390508651733,46.37303286246278
K180_a0.0,158,0.21116280555725098,88.3865703751783
K180_a0.0,159,0.20542429387569427,47.02010458167592
K180_a0.0,160,0.14392679929733276,36.22835638840389
K180_a0.0,161,0.36227476596832275,47.46683347048339
K180_a0.0,162,0.10067543387413025,41.19307321621733
K180_a0.0,163,0.2580660581588745,50.85122449790694
K180_a0.0,164,0.2751014828681946,71.81274671593265
K180_a0.0,165,0.4460754692554474,99.83626904943793
K180_a0.0,166,0.32417890429496765,53.875359711035316
K180_a0.0,167,0.12126611173152924,48.443676248046984
K180_a0.0,168,0.09356237202882767,45.42201799022718
K180_a0.0,169,0.07444430142641068,59.05693491713656
K180_a0.0,170,0.2151457667350769,50.28115048938055
K180_a0.0,171,0.25393614172935486,48.37105592541709
K180_a0.0,172,0.2912186086177826,71.40733846428272
K180_a0.0,173,0.189955472946167,69.46529711926425
K180_a0.0,174,0.25156858563423157,59.580405908297756
K180_a0.0,175,0.30056318640708923,82.85314712246222
K180_a0.0,176,0.21948052942752838,65.73717890604149
K180_a0.0,177,0.09158405661582947,50.6248510310696
K180_a0.0,178,0.10135989636182785,63.561029014807154
K180_a0.0,179,0.2945263981819153,85.86676068095419
K200_a0.0,0,0.14206098020076752,33.448927827292565
K200_a0.0,1,0.16015270352363586,46.869701634670314
K200_a0.0,2,0.24081620573997498,65.55191493062875
K200_a0.0,3,0.13380549848079681,21.583622531713207
K200_a0.0,4,0.19200566411018372,36.921738811770716
K200_a0.0,5,0.14693768322467804,218.83676040842371
K200_a0.0,6,0.11512743681669235,35.260553686253154
K200_a0.0,7,0.1917121857404709,41.715081347879384
K200_a0.0,8,0.11021067202091217,45.967845436941936
K200_a0.0,9,0.2448771744966507,47.92834124848019
K200_a0.0,10,0.15607242286205292,92.75250532048886
K200_a0.0,11,0.3350081443786621,43.60254555226415
K200_a0.0,12,0.2863897979259491,57.74545303616403
K200_a0.0,13,0.12619057297706604,36.05666562608943
K200_a0.0,14,0.18549862504005432,36.705053569076505
K200_a0.0,15,0.22398221492767334,79.05926646103275
K200_a0.0,16,0.2939160168170929,46.76269392942213
K200_a0.0,17,0.2897140383720398,32.316856624424666
K200_a0.0,18,0.17990733683109283,43.82688545616909
K200_a0.0,19,0.1319931596517563,39.55450352112276
K200_a0.0,20,0.22753679752349854,37.05303910470826
K200_a0.0,21,0.21003004908561707,34.92602910126237
K200_a0.0,22,0.37942615151405334,54.082289649584446
K200_a0.0,23,0.44479671120643616,57.346156129270284
K200_a0.0,24,0.17910398542881012,37.7982153983735
K200_a0.0,25,0.20339930057525635,49.92009318085538
K200_a0.0,26,0.14305171370506287,39.878259095424845
K200_a0.0,27,0.07917281985282898,37.81938845060745
K200_a0.0,28,0.15675131976604462,34.469486687108464
K200_a0.0,29,0.20959191024303436,56.67285819095426
K200_a0.0,30,0.1931973546743393,60.89228393031689
K200_a0.0,31,0.2276088446378708,51.300789236469114
K200_a0.0,32,0.19833944737911224,34.92686727133141
K200_a0.0,33,0.25863152742385864,44.51312588222979
K200_a0.0,34,0.13815753161907196,40.72108967913123
K200_a0.0,35,0.12962129712104797,48.41129183136531
K200_a0.0,36,0.17546185851097107,48.86623468842517
K200_a0.0,37,0.23490314185619354,48.2442554816672
K200_a0.0,38,0.2633116841316223,38.39968149163408
K200_a0.0,39,0.2878672182559967,61.900623766167755
K200_a0.0,40,0.3845575451850891,47.18192117462919
K200_a0.0,41,0.25156235694885254,46.86112734067807
K200_a0.0,42,0.14879001677036285,59.168539585696855
K200_a0.0,43,0.21341395378112793,36.71384222504253
K200_a0.0,44,0.1389397531747818,50.233853745701246
K200_a0.0,45,0.1876823902130127,50.48376249643292
K200_a0.0,46,0.15085077285766602,50.17168467211406
K200_a0.0,47,0.12430524826049805,48.094032851040275
K200_a0.0,48,0.27299997210502625,45.83279319097716
K200_a0.0,49,0.26800015568733215,32.46592567915551
K200_a0.0,50,0.2070019394159317,39.36299531199884
K200_a0.0,51,0.10851224511861801,43.30980908934678
K200_a0.0,52,0.12601827085018158,137.98038734405745
K200_a0.0,53,0.0583215095102787,33.03568895297873
K200_a0.0,54,0.23719480633735657,49.36059242026808
K200_a0.0,55,0.12281239777803421,53.100667379988394
K200_a0.0,56,0.27634063363075256,61.24879330260743
K200_a0.0,57,0.17199911177158356,41.83296262145191
K200_a0.0,58,0.30465754866600037,42.07903725903962
K200_a0.0,59,0.26429346203804016,166.8226776168298
K200_a0.0,60,0.13574321568012238,80.45505000241567
K200_a0.0,61,0.10131721198558807,34.72193991361214
K200_a0.0,62,0.2711447477340698,141.6624681202794
K200_a0.0,63,0.1846364289522171,89.93508766405233
K200_a0.0,64,0.22678977251052856,44.47381459521149
K200_a0.0,65,0.3895817995071411,46.37173953956472
K200_a0.0,66,0.2426108419895172,39.24248950222308
K200_a0.0,67,0.14740197360515594,47.15137748564979
K200_a0.0,68,0.18187792599201202,49.15985904120897
K200_a0.0,69,0.2080463469028473,31.88621295600124
K200_a0.0,70,0.216240793466568,59.52385066048013
K200_a0.0,71,0.22840160131454468,43.88785547913031
K200_a0.0,72,0.11299462616443634,59.94895438005321
K200_a0.0,73,0.20517152547836304,49.31681960400904
K200_a0.0,74,0.23278698325157166,33.51294134515584
K200_a0.0,75,0.1807519644498825,41.49220035498387
K200_a0.0,76,0.24126282334327698,36.83604505194828
K200_a0.0,77,0.17150911688804626,52.884280654071134
K200_a0.0,78,0.2762986719608307,42.37068040819075
K200_a0.0,79,0.1734287440776825,68.65602470890194
K200_a0.0,80,0.2737686336040497,95.23162084858332
K200_a0.0,81,0.12518532574176788,61.9799152384845
K200_a0.0,82,0.19359703361988068,51.00739170310264
K200_a0.0,83,0.3561874330043793,110.06199548130216
K200_a0.0,84,0.31498003005981445,88.26919779982099
K200_a0.0,85,0.3696638345718384,60.10137474988806
K200_a0.0,86,0.21680982410907745,37.01962552583762
K200_a0.0,87,0.2737257778644562,56.30593216781657
K200_a0.0,88,0.4480902850627899,66.89129786700255
K200_a0.0,89,0.24489618837833405,32.410940126977536
K200_a0.0,90,0.2241644561290741,56.14149908667856
K200_a0.0,91,0.12226789444684982,35.493034927790404
K200_a0.0,92,0.14879418909549713,52.73918292313516
K200_a0.0,93,0.16016726195812225,54.425037565328246
K200_a0.0,94,0.18851366639137268,64.43921583372546
K200_a0.0,95,0.12973237037658691,84.44150029620131
K200_a0.0,96,0.15346114337444305,43.46590888495432
K200_a0.0,97,0.15906444191932678,44.89842208178946
K200_a0.0,98,0.279355525970459,57.453355160975576
K200_a0.0,99,0.4670029580593109,91.87493888462964
K200_a0.0,100,0.11362993717193604,48.90503897769415
K200_a0.0,101,0.41368141770362854,84.9872617455516
K200_a0.0,102,0.2799651026725769,50.04905407743599
K200_a0.0,103,0.15051929652690887,39.56798006785123
K200_a0.0,104,0.31613680720329285,96.25550092522846
K200_a0.0,105,0.17817524075508118,69.16741196455752
K200_a0.0,106,0.29001328349113464,58.17981959940083
K200_a0.0,107,0.30354246497154236,32.4892527785545
K200_a0.0,108,0.10698742419481277,41.307470843863115
K200_a0.0,109,0.32684487104415894,60.17490970420148
K200_a0.0,110,0.306635320186615,38.87551535858798
K200_a0.0,111,0.11684252321720123,69.77875246667337
K200_a0.0,112,0.18532545864582062,44.53997304297645
K200_a0.0,113,0.31166839599609375,36.32405784017453
K200_a0.0,114,0.2639516592025757,50.533363135126436
K200_a0.0,115,0.21772639453411102,43.082449039124114
K200_a0.0,116,0.07307320833206177,48.12084640702677
K200_a0.0,117,0.0868310034275055,54.31477814777732
K200_a0.0,118,0.29989466071128845,75.00211064997553
K200_a0.0,119,0.06756798177957535,55.32606875302758
K200_a0.0,120,0.19892528653144836,35.38666610686081
K200_a0.0,121,0.3060389757156372,62.49725175143239
K200_a0.0,122,0.16163714230060577,35.304365589320014
K200_a0.0,123,0.12605620920658112,56.40808480197574
K200_a0.0,124,0.07815388590097427,60.863871676027614
K200_a0.0,125,0.36920788884162903,97.14926899801554
K200_a0.0,126,0.28628963232040405,47.016547585603945
K200_a0.0,127,0.2291945070028305,87.9944354717168
K200_a0.0,128,0.3423554003238678,64.04054751820793
K200_a0.0,129,0.5617702007293701,73.78225215486249
K200_a0.0,130,0.15808403491973877,47.364900328948174
K200_a0.0,131,0.10772491991519928,59.53510114945743
K200_a0.0,132,0.18521839380264282,51.31330084091304
K200_a0.0,133,0.27884525060653687,46.96475851643352
K200_a0.0,134,0.2725473940372467,49.87401537760399
K200_a0.0,135,0.07205384969711304,38.95410364796335
K200_a0.0,136,0.2046576887369156,38.36930775740599
K200_a0.0,137,0.19550956785678864,61.358721539057875
K200_a0.0,138,0.18987569212913513,48.77415935625783
K200_a0.0,139,0.14056365191936493,56.83328424759091
K200_a0.0,140,0.17349354922771454,50.61527806004505
K200_a0.0,141,0.3389836549758911,50.37373128249952
K200_a0.0,142,0.21244986355304718,34.84702584378322
K200_a0.0,143,0.287120521068573,67.19816200280637
K200_a0.0,144,0.0908576101064682,36.59459643003065
K200_a0.0,145,0.17962054908275604,54.31715307814148
K200_a0.0,146,0.2662732005119324,44.44752081227139
K200_a0.0,147,0.2938118278980255,48.30186647100711
K200_a0.0,148,0.0941527709364891,62.8563036423611
K200_a0.0,149,0.21258436143398285,63.632370680817345
K200_a0.0,150,0.3043641746044159,83.42365482332599
K200_a0.0,151,0.24600845575332642,56.447773216682954
K200_a0.0,152,0.07846928387880325,33.6781446136783
K200_a0.0,153,0.14378394186496735,43.652188119152875
K200_a0.0,154,0.07872714102268219,51.7391448920647
K200_a0.0,155,0.11646760255098343,44.388716790378346
K200_a0.0,156,0.1341932862997055,40.05487196666621
K200_a0.0,157,0.16164584457874298,55.18215391658768
K200_a0.0,158,0.36227476596832275,45.624378965473014
K200_a0.0,159,0.3626193106174469,65.16591403560842
K200_a0.0,160,0.06658469140529633,62.14006682512918
K200_a0.0,161,0.13202416896820068,71.69983038631858
K200_a0.0,162,0.0715659111738205,41.72526464249661
K200_a0.0,163,0.1428738683462143,44.049297610824354
K200_a0.0,164,0.1598411202430725,46.79602173863819
K200_a0.0,165,0.123754121363163,53.49463668843654
K200_a0.0,166,0.10329975187778473,63.542602942298814
K200_a0.0,167,0.315978467464447,122.78197314403626
K200_a0.0,168,0.19510996341705322,50.959818804946906
K200_a0.0,169,0.21847118437290192,53.68707422778998
K200_a0.0,170,0.2531079947948456,61.7762958279329
K200_a0.0,171,0.31330233812332153,90.46300544645146
K200_a0.0,172,0.20542429387569427,42.950087178168744
K200_a0.0,173,0.2120208591222763,57.26016837066201
K200_a0.0,174,0.32585176825523376,63.58554083415607
K200_a0.0,175,0.21619072556495667,48.96800099960588
K200_a0.0,176,0.08276848495006561,44.073051284384114
K200_a0.0,177,0.35624364018440247,72.02505903092617
K200_a0.0,178,0.30634862184524536,68.29752688448471
K200_a0.0,179,0.28270408511161804,70.48347096666558
K200_a0.0,180,0.06863372027873993,55.290677834119336
K200_a0.0,181,0.28628456592559814,40.43041069934222
K200_a0.0,182,0.09047580510377884,31.67586751241103
K200_a0.0,183,0.2649497091770172,54.20060539156927
K200_a0.0,184,0.4038006663322449,96.57791764668342
K200_a0.0,185,0.2762106657028198,40.12039047715284
K200_a0.0,186,0.19573074579238892,45.68699977028687
K200_a0.0,187,0.2759154140949249,62.12705365912873
K200_a0.0,188,0.42036736011505127,43.81752992199152
K200_a0.0,189,0.32417887449264526,54.14570028164176
K200_a0.0,190,0.268828809261322,51.781117843408985
K200_a0.0,191,0.2504522502422333,51.63402879328539
K200_a0.0,192,0.08074051886796951,69.74507483992147
K200_a0.0,193,0.1346321702003479,43.292756521244
K200_a0.0,194,0.4013194739818573,64.37018408561482
K200_a0.0,195,0.12474343180656433,63.82256606349323
K200_a0.0,196,0.28804871439933777,59.322333267803266
K200_a0.0,197,0.2674192786216736,42.283527610910575
K200_a0.0,198,0.07796759903430939,48.441070557252985
K200_a0.0,199,0.16070833802223206,92.64259546393814
K220_a0.0,0,0.12562932074069977,35.352994020622944
K220_a0.0,1,0.16876879334449768,44.359385428349434
K220_a0.0,2,0.24620412290096283,52.10963339473994
K220_a0.0,3,0.13512691855430603,21.748525695711667
K220_a0.0,4,0.17071767151355743,36.560449460841404
K220_a0.0,5,0.11444161832332611,218.79629135339192
K220_a0.0,6,0.10223710536956787,34.126846902493554
K220_a0.0,7,0.18444609642028809,41.967661475819426
K220_a0.0,8,0.10368116199970245,45.25794141342074
K220_a0.0,9,0.22773456573486328,46.53629960674702
K220_a0.0,10,0.10589895397424698,83.83934833755235
K220_a0.0,11,0.3260253369808197,45.55096690605912
K220_a0.0,12,0.30889207124710083,52.73674632274993
K220_a0.0,13,0.12437579780817032,36.99928942701656
K220_a0.0,14,0.17062830924987793,37.99434883004688
K220_a0.0,15,0.27001744508743286,97.47942215276093
K220_a0.0,16,0.2791403532028198,47.91155861795458
K220_a0.0,17,0.29098132252693176,32.70893517236751
K220_a0.0,18,0.17990733683109283,45.64219312300823
K220_a0.0,19,0.11922404170036316,39.529537974169095
K220_a0.0,20,0.2767888903617859,36.939236392942995
K220_a0.0,21,0.1667376160621643,36.75340990795369
K220_a0.0,22,0.3350786566734314,47.39765125922049
K220_a0.0,23,0.4570622742176056,57.019204360314326
K220_a0.0,24,0.16772153973579407,38.56907929221722
K220_a0.0,25,0.1662917286157608,68.57517256956702
K220_a0.0,26,0.14305171370506287,40.39802978436407
K220_a0.0,27,0.06743606179952621,36.07389330334815
K220_a0.0,28,0.12406955659389496,30.933238597201303
K220_a0.0,29,0.23265507817268372,59.180045638256786
K220_a0.0,30,0.2526271939277649,55.339900265871506
K220_a0.0,31,0.19138355553150177,47.46172942453801
K220_a0.0,32,0.19117389619350433,35.18155996454723
K220_a0.0,33,0.25863152742385864,44.192408790180906
K220_a0.0,34,0.13997405767440796,39.558886931469395
K220_a0.0,35,0.10141177475452423,48.3311330957679
K220_a0.0,36,0.17391492426395416,50.12165121553289
K220_a0.0,37,0.16510477662086487,43.37240751152715
K220_a0.0,38,0.2633116841316223,38.84922973798216
K220_a0.0,39,0.2878672182559967,61.35462661567054
K220_a0.0,40,0.3739927113056183,49.53105098430189
K220_a0.0,41,0.29777172207832336,43.70967314571211
K220_a0.0,42,0.1168425977230072,60.00711150512377
K220_a0.0,43,0.2354864776134491,39.41462491661184
K220_a0.0,44,0.1096394881606102,49.17544028844376
K220_a0.0,45,0.1895601898431778,48.14241532375015
K220_a0.0,46,0.1540519893169403,49.564066083696574
K220_a0.0,47,0.1404060274362564,44.217568886809616
K220_a0.0,48,0.22724026441574097,45.15940800355485
K220_a0.0,49,0.26800018548965454,33.18195694606657
K220_a0.0,50,0.17055456340312958,39.41944555944599
K220_a0.0,51,0.1337766945362091,47.476658969516926
K220_a0.0,52,0.11492049694061279,63.023134575382656
K220_a0.0,53,0.07378164678812027,29.700090336302463
K220_a0.0,54,0.22052216529846191,49.26878576045882
K220_a0.0,55,0.11719818413257599,51.88693713232989
K220_a0.0,56,0.25883010029792786,64.10013231595597
K220_a0.0,57,0.17199911177158356,42.19643055499141
K220_a0.0,58,0.30465754866600037,44.57948840406276
K220_a0.0,59,0.2642934322357178,157.94818686074493
K220_a0.0,60,0.12729637324810028,79.03810585041616
K220_a0.0,61,0.11263357847929001,33.70446567741586
K220_a0.0,62,0.2711447775363922,145.9784551829294
K220_a0.0,63,0.2185588777065277,94.12939691555259
K220_a0.0,64,0.21131998300552368,47.11996888268731
K220_a0.0,65,0.38922226428985596,48.31000423151898
K220_a0.0,66,0.2373000532388687,37.03085908057048
K220_a0.0,67,0.16720619797706604,43.57629993417221
K220_a0.0,68,0.1741248518228531,42.38720536678581
K220_a0.0,69,0.18137022852897644,42.2012082215061
K220_a0.0,70,0.20560038089752197,50.467975892330465
K220_a0.0,71,0.2082110345363617,43.93760752001402
K220_a0.0,72,0.09066204726696014,39.13447059801264
K220_a0.0,73,0.20517152547836304,50.485492688854315
K220_a0.0,74,0.2648466229438782,34.74913895660664
K220_a0.0,75,0.3040446937084198,55.7505875418241
K220_a0.0,76,0.22417579591274261,34.100115100970456
K220_a0.0,77,0.19169402122497559,49.68719130088837
K220_a0.0,78,0.2961113154888153,41.74542454338344
K220_a0.0,79,0.18633514642715454,67.31455120925244
K220_a0.0,80,0.14072677493095398,48.265744238271765
K220_a0.0,81,0.14732319116592407,59.352092113403906
K220_a0.0,82,0.16849657893180847,47.805088792942776
K220_a0.0,83,0.332671195268631,104.57279163050136
K220_a0.0,84,0.3046489357948303,90.7486582444983
K220_a0.0,85,0.3419835865497589,66.8337348848989
K220_a0.0,86,0.2585907280445099,36.06375171212673
K220_a0.0,87,0.22558195888996124,57.724632319505936
K220_a0.0,88,0.3571164309978485,67.98510496044457
K220_a0.0,89,0.23145930469036102,33.31785178398566
K220_a0.0,90,0.12637116014957428,53.571562934841616
K220_a0.0,91,0.0923755019903183,35.927995343183
K220_a0.0,92,0.12819373607635498,41.80774109830418
K220_a0.0,93,0.29001328349113464,60.67184784082868
K220_a0.0,94,0.2018197625875473,66.05514119723586
K220_a0.0,95,0.2685375511646271,67.99572006416709
K220_a0.0,96,0.14445270597934723,98.3197379478516
K220_a0.0,97,0.15136122703552246,44.5731559701064
K220_a0.0,98,0.1059628576040268,50.622528165436634
K220_a0.0,99,0.5083028078079224,93.80237299981368
K220_a0.0,100,0.1330607682466507,46.8357564582881
K220_a0.0,101,0.372714102268219,88.40702835818232
K220_a0.0,102,0.2799651026725769,52.14972946807106
K220_a0.0,103,0.12882916629314423,37.85812844635169
K220_a0.0,104,0.28581809997558594,85.69836119738233
K220_a0.0,105,0.18465162813663483,71.71423236025625
K220_a0.0,106,0.28043678402900696,44.82180583158926
K220_a0.0,107,0.3024422228336334,33.81501079748491
K220_a0.0,108,0.07829097658395767,49.60932318516658
K220_a0.0,109,0.3245185911655426,65.52153060598265
K220_a0.0,110,0.3057402968406677,37.84535787482256
K220_a0.0,111,0.0795586034655571,66.32215899133766
K220_a0.0,112,0.19836671650409698,44.44299978223065
K220_a0.0,113,0.17741678655147552,55.72959280670221
K220_a0.0,114,0.15808209776878357,39.85435955408686
K220_a0.0,115,0.23692268133163452,44.677023018156724
K220_a0.0,116,0.3923691213130951,95.44919969810782
K220_a0.0,117,0.10486723482608795,53.655147889551245
K220_a0.0,118,0.29989466071128845,76.84214551636242
K220_a0.0,119,0.06756796687841415,57.00987587047103
K220_a0.0,120,0.22217680513858795,103.66832344691093
K220_a0.0,121,0.21975478529930115,33.433736982702094
K220_a0.0,122,0.0908576101064682,33.92883417550399
K220_a0.0,123,0.35106468200683594,52.79108076685951
K220_a0.0,124,0.17048631608486176,57.79308854190386
K220_a0.0,125,0.1928558349609375,47.14590425114162
K220_a0.0,126,0.210528165102005,58.410002141894104
K220_a0.0,127,0.22175242006778717,89.98840868083244
K220_a0.0,128,0.2453441023826599,61.89592603001864
K220_a0.0,129,0.5617702603340149,70.90468283731481
K220_a0.0,130,0.1418423354625702,47.825920884484425
K220_a0.0,131,0.10430596768856049,54.10537654821296
K220_a0.0,132,0.18521840870380402,53.485158993496526
K220_a0.0,133,0.2854480743408203,46.76155961490107
K220_a0.0,134,0.21567505598068237,49.93328796836915
K220_a0.0,135,0.11550033092498779,40.01661796401398
K220_a0.0,136,0.2089783400297165,37.98649923102291
K220_a0.0,137,0.10067544877529144,36.9038688695012
K220_a0.0,138,0.2163643091917038,58.450033152856555
K220_a0.0,139,0.15464812517166138,48.91364104139088
K220_a0.0,140,0.29447096586227417,57.47067271195105
K220_a0.0,141,0.4460795521736145,87.29024550230314
K220_a0.0,142,0.32906749844551086,43.86538728864088
K220_a0.0,143,0.21797601878643036,34.92216836636054
K220_a0.0,144,0.10774075239896774,51.67665847608732
K220_a0.0,145,0.11827052384614944,43.913079900553356
K220_a0.0,146,0.3188340365886688,49.82851666537955
K220_a0.0,147,0.11934902518987656,51.30729136975514
K220_a0.0,148,0.17745263874530792,69.12204736075674
K220_a0.0,149,0.31032589077949524,121.47330154834151
K220_a0.0,150,0.18653303384780884,52.91982536002599
K220_a0.0,151,0.16708923876285553,46.041843171514806
K220_a0.0,152,0.11727727204561234,50.51158363158521
K220_a0.0,153,0.12852182984352112,41.29219402731531
K220_a0.0,154,0.4038006663322449,104.82082405112749
K220_a0.0,155,0.3423554003238678,61.56845714912091
K220_a0.0,156,0.1404179334640503,47.07162334209574
K220_a0.0,157,0.06373724341392517,33.644262131399906
K220_a0.0,158,0.26640138030052185,63.687595032560566
K220_a0.0,159,0.35624364018440247,71.24818465612988
K220_a0.0,160,0.07023600488901138,73.12949283772068
K220_a0.0,161,0.18375161290168762,48.335574404049744
K220_a0.0,162,0.29830217361450195,59.087051306419085
K220_a0.0,163,0.3505667746067047,57.869494041667366
K220_a0.0,164,0.28250235319137573,63.49157990266911
K220_a0.0,165,0.2531079947948456,61.63722470448825
K220_a0.0,166,0.15359096229076385,59.258339442261686
K220_a0.0,167,0.12625494599342346,38.39235081254996
K220_a0.0,168,0.20636242628097534,51.452300993302664
K220_a0.0,169,0.14220030605793,62.10362062288399
K220_a0.0,170,0.20542429387569427,43.29304598058466
K220_a0.0,171,0.1728074550628662,64.95497734673303
K220_a0.0,172,0.1598411202430725,49.13175211083303
K220_a0.0,173,0.3410331606864929,63.60503203118193
K220_a0.0,174,0.08864925056695938,38.28568524610726
K220_a0.0,175,0.16163714230060577,33.819182375625346
K220_a0.0,176,0.13553139567375183,46.832472099855444
K220_a0.0,177,0.20492303371429443,42.51478679257124
K220_a0.0,178,0.19573074579238892,45.75930892708241
K220_a0.0,179,0.3290766477584839,80.0525495676255
K220_a0.0,180,0.08033882081508636,43.96233643595103
K220_a0.0,181,0.09382425248622894,64.0416364574109
K220_a0.0,182,0.23181167244911194,67.10444189179223
K220_a0.0,183,0.3191382884979248,44.23404241714511
K220_a0.0,184,0.2568824589252472,55.00625462006115
K220_a0.0,185,0.25484082102775574,65.6751389506033
K220_a0.0,186,0.16073858737945557,36.88303536191328
K220_a0.0,187,0.29805636405944824,42.56593954830249
K220_a0.0,188,0.2668890357017517,88.39812997009419
K220_a0.0,189,0.290788471698761,46.78576148590104
K220_a0.0,190,0.15005813539028168,53.85443214662323
K220_a0.0,191,0.1594611406326294,50.71644277843394
K220_a0.0,192,0.2623996436595917,49.566876352546494
K220_a0.0,193,0.30056318640708923,79.1503742967943
K220_a0.0,194,0.17760740220546722,53.88788728889525
K220_a0.0,195,0.21563217043876648,66.08328290354171
K220_a0.0,196,0.13503298163414001,73.63291530912811
K220_a0.0,197,0.16022488474845886,31.45268524845337
K220_a0.0,198,0.17233172059059143,55.84734783899968
K220_a0.0,199,0.08581327646970749,54.95425982748351
K220_a0.0,200,0.1689911037683487,67.21522004223816
K220_a0.0,201,0.19429829716682434,41.51072708277714
K220_a0.0,202,0.24667011201381683,41.80825476297334
K220_a0.0,203,0.0640115961432457,41.58327969759721
K220_a0.0,204,0.24529296159744263,60.72939912374768
K220_a0.0,205,0.19814108312129974,63.24969259971366
K220_a0.0,206,0.06441512703895569,47.308958548094814
K220_a0.0,207,0.20490193367004395,58.71653610835732
K220_a0.0,208,0.33573096990585327,64.106226760262
K220_a0.0,209,0.2392810583114624,44.888505179982864
K220_a0.0,210,0.32396215200424194,94.27723588227978
K220_a0.0,211,0.10413283109664917,42.68265173956644
K220_a0.0,212,0.18656373023986816,68.60407551785768
K220_a0.0,213,0.23118387162685394,48.911828725967894
K220_a0.0,214,0.15273766219615936,62.751508186740914
K220_a0.0,215,0.1838095784187317,40.48383754666869
K220_a0.0,216,0.11314194649457932,43.7785968562344
K220_a0.0,217,0.1635550707578659,52.47678353750044
K220_a0.0,218,0.060254111886024475,36.52477546892065
K220_a0.0,219,0.29504919052124023,34.69910909643832
K80_a0.0,0,0.12428155541419983,40.635824437036455
K80_a0.0,1,0.068065345287323,177.93058989551724
K80_a0.0,2,0.229250967502594,97.04131580857178
K80_a0.0,3,0.14056739211082458,28.88927307212837
K80_a0.0,4,0.2407459020614624,50.75498497178312
K80_a0.0,5,0.1113310381770134,205.08636888708372
K80_a0.0,6,0.12789013981819153,43.43538282319783
K80_a0.0,7,0.25969719886779785,97.62854066085387
K80_a0.0,8,0.10971371084451675,61.7787512168818
K80_a0.0,9,0.19120849668979645,47.108862084431685
K80_a0.0,10,0.21613797545433044,141.0689403753755
K80_a0.0,11,0.36713480949401855,55.6477149731818
K80_a0.0,12,0.19817352294921875,57.90618188405699
K80_a0.0,13,0.10021331906318665,49.84778898129666
K80_a0.0,14,0.19434577226638794,43.29233325634419
K80_a0.0,15,0.22071391344070435,95.41313195244994
K80_a0.0,16,0.3151647448539734,70.31761667812223
K80_a0.0,17,0.24665959179401398,35.053553337709026
K80_a0.0,18,0.21261903643608093,56.48446820103031
K80_a0.0,19,0.15869300067424774,57.01803227064834
K80_a0.0,20,0.2103721648454666,41.808472052570636
K80_a0.0,21,0.2358279824256897,48.85916303483914
K80_a0.0,22,0.3411436080932617,62.353237204288014
K80_a0.0,23,0.4576056897640228,102.86560947150518
K80_a0.0,24,0.11853774636983871,49.18582785022021
K80_a0.0,25,0.19254092872142792,76.16221782184877
K80_a0.0,26,0.20947802066802979,42.40620639619055
K80_a0.0,27,0.1707487851381302,79.72975281435036
K80_a0.0,28,0.16087749600410461,47.203968432092424
K80_a0.0,29,0.24125507473945618,77.59792029472615
K80_a0.0,30,0.20308181643486023,46.78032375257414
K80_a0.0,31,0.31571996212005615,74.59481483671019
K80_a0.0,32,0.2095870077610016,39.2896236890169
K80_a0.0,33,0.19779105484485626,55.51347252041612
K80_a0.0,34,0.2355712205171585,161.16332713451766
K80_a0.0,35,0.10017766803503036,64.38576424359678
K80_a0.0,36,0.23339666426181793,76.95457928720265
K80_a0.0,37,0.14738008379936218,52.22001091574583
K80_a0.0,38,0.24174495041370392,39.35761420795487
K80_a0.0,39,0.24454540014266968,137.7260633312225
K80_a0.0,40,0.25689688324928284,57.45627574128063
K80_a0.0,41,0.1581912636756897,59.145891174260484
K80_a0.0,42,0.16751614212989807,84.49060015680577
K80_a0.0,43,0.2634041905403137,88.19583996052647
K80_a0.0,44,0.2809397280216217,63.140115000377584
K80_a0.0,45,0.26138389110565186,59.97568924436891
K80_a0.0,46,0.1401522159576416,63.501342283581465
K80_a0.0,47,0.19863955676555634,70.88344262009805
K80_a0.0,48,0.3372142016887665,61.8517478814867
K80_a0.0,49,0.27468612790107727,36.70819224546368
K80_a0.0,50,0.17670130729675293,40.0301639482471
K80_a0.0,51,0.20368048548698425,64.70309519972557
K80_a0.0,52,0.2241644561290741,55.12454583430113
K80_a0.0,53,0.1762440949678421,56.586333703940674
K80_a0.0,54,0.21594882011413574,47.89967851702268
K80_a0.0,55,0.16351397335529327,62.74382714101186
K80_a0.0,56,0.3346770405769348,112.41154871486724
K80_a0.0,57,0.17559273540973663,50.63361429392212
K80_a0.0,58,0.18943195044994354,66.71847623452432
K80_a0.0,59,0.23879528045654297,45.758065069992824
K80_a0.0,60,0.18356077373027802,50.488970708555144
K80_a0.0,61,0.129338800907135,80.04042227980578
K80_a0.0,62,0.28361260890960693,99.13319074449915
K80_a0.0,63,0.16636134684085846,107.19436222407053
K80_a0.0,64,0.21930105984210968,61.141391997571304
K80_a0.0,65,0.31262490153312683,52.257770180820756
K80_a0.0,66,0.17794683575630188,71.32152803190371
K80_a0.0,67,0.20200283825397491,47.34519930885155
K80_a0.0,68,0.15549203753471375,45.80996724152378
K80_a0.0,69,0.14656218886375427,44.65782570305682
K80_a0.0,70,0.18452316522598267,39.22080650145134
K80_a0.0,71,0.1490822732448578,56.8168863357617
K80_a0.0,72,0.07249423861503601,39.76244931446788
K80_a0.0,73,0.21992897987365723,39.12715522371894
K80_a0.0,74,0.12028034776449203,54.12383174957508
K80_a0.0,75,0.22582083940505981,37.239279281359615
K80_a0.0,76,0.15466977655887604,101.55958225493403
K80_a0.0,77,0.15271992981433868,40.39463808909545
K80_a0.0,78,0.12776926159858704,45.487639768979044
K80_a0.0,79,0.3018404245376587,104.51984145502647
K90_a0.0,0,0.11375404894351959,37.41999860314298
K90_a0.0,1,0.1363547295331955,185.30993077627625
K90_a0.0,2,0.25520431995391846,106.3290992746613
K90_a0.0,3,0.14315149188041687,25.16717003485469
K90_a0.0,4,0.18192583322525024,46.284613675902136
K90_a0.0,5,0.15258421003818512,82.49381376912325
K90_a0.0,6,0.12789012491703033,41.2147573735816
K90_a0.0,7,0.2695166766643524,84.60695269100617
K90_a0.0,8,0.15036384761333466,65.7986847243458
K90_a0.0,9,0.20823191106319427,46.483146078412894
K90_a0.0,10,0.2808206081390381,120.67959101760785
K90_a0.0,11,0.35903027653694153,42.21331213823649
K90_a0.0,12,0.19817353785037994,58.7918111943676
K90_a0.0,13,0.09909698367118835,44.459902471797065
K90_a0.0,14,0.2165869027376175,52.964368621052074
K90_a0.0,15,0.22071391344070435,95.38685606905254
K90_a0.0,16,0.3064643144607544,68.10895064462512
K90_a0.0,17,0.22002184391021729,34.028012179877244
K90_a0.0,18,0.1872335821390152,53.62054894822627
K90_a0.0,19,0.16957513988018036,59.75942561347392
K90_a0.0,20,0.2103721648454666,43.3761256853966
K90_a0.0,21,0.18657293915748596,36.40751791968643
K90_a0.0,22,0.3411436080932617,62.259489239287454
K90_a0.0,23,0.4576056897640228,102.39771825669618
K90_a0.0,24,0.13985855877399445,49.90330965042732
K90_a0.0,25,0.16520501673221588,75.84906304769717
K90_a0.0,26,0.1611669808626175,39.03939473379882
K90_a0.0,27,0.1781567633152008,79.26561604011872
K90_a0.0,28,0.1521972268819809,48.57488278450348
K90_a0.0,29,0.21082636713981628,59.84097099785927
K90_a0.0,30,0.15495583415031433,36.06005347185936
K90_a0.0,31,0.3624267280101776,70.27862038227845
K90_a0.0,32,0.18886706233024597,38.8913209962204
K90_a0.0,33,0.22634339332580566,56.09272313714562
K90_a0.0,34,0.33840328454971313,159.7816020178545
K90_a0.0,35,0.11860963702201843,61.47552899382915
K90_a0.0,36,0.2157653123140335,72.87378250298974
K90_a0.0,37,0.14738008379936218,51.41786090671694
K90_a0.0,38,0.25961625576019287,39.62992634382092
K90_a0.0,39,0.23768775165081024,120.99929108687674
K90_a0.0,40,0.30529525876045227,54.82463102541154
K90_a0.0,41,0.17871378362178802,55.14069570865536
K90_a0.0,42,0.15759140253067017,67.48811727071197
K90_a0.0,43,0.334094375371933,103.54104003776901
K90_a0.0,44,0.09688620269298553,66.62701303370959
K90_a0.0,45,0.21363438665866852,55.5640986079981
K90_a0.0,46,0.25554293394088745,60.66412666527895
K90_a0.0,47,0.21757347881793976,75.42860270550803
K90_a0.0,48,0.3307792544364929,53.610896326563946
K90_a0.0,49,0.26800018548965454,33.357126109455656
K90_a0.0,50,0.16609355807304382,39.91217756953852
K90_a0.0,51,0.20507852733135223,68.54750356464969
K90_a0.0,52,0.18625183403491974,54.80904867141422
K90_a0.0,53,0.10288570076227188,122.37231553688422
K90_a0.0,54,0.21580465137958527,46.97256795602659
K90_a0.0,55,0.16945408284664154,58.56248602741573
K90_a0.0,56,0.165823295712471,170.09967987886367
K90_a0.0,57,0.16910752654075623,44.819666235607095
K90_a0.0,58,0.2290591597557068,46.01955225275434
K90_a0.0,59,0.11883846670389175,43.0609708731667
K90_a0.0,60,0.13655626773834229,83.95184236272708
K90_a0.0,61,0.1676035076379776,54.948581066724174
K90_a0.0,62,0.06271705776453018,68.24278175013588
K90_a0.0,63,0.21459412574768066,102.28860344759885
K90_a0.0,64,0.15748903155326843,59.2950236373059
K90_a0.0,65,0.3170887231826782,50.65468363713753
K90_a0.0,66,0.2052335888147354,42.512413555219574
K90_a0.0,67,0.1647726446390152,54.58532681724759
K90_a0.0,68,0.1490822732448578,55.68498277588077
K90_a0.0,69,0.23209907114505768,37.60129718004231
K90_a0.0,70,0.15862992405891418,43.48079549789223
K90_a0.0,71,0.1779468059539795,73.71788465002791
K90_a0.0,72,0.17664064466953278,48.97976268918672
K90_a0.0,73,0.2475147694349289,36.1590360330339
K90_a0.0,74,0.26391786336898804,87.92340086986492
K90_a0.0,75,0.29923927783966064,116.40072345513883
K90_a0.0,76,0.17012563347816467,143.84192182972208
K90_a0.0,77,0.27596256136894226,48.467726165122144
K90_a0.0,78,0.18982771039009094,54.46183273148961
K90_a0.0,79,0.34347447752952576,98.03514141330415
K90_a0.0,80,0.2987969219684601,80.46647040922144
K90_a0.0,81,0.1858447790145874,59.4098172500538
K90_a0.0,82,0.1753784567117691,56.93785059518845
K90_a0.0,83,0.22582083940505981,35.500686431103
K90_a0.0,84,0.09927882999181747,59.54808968707147
K90_a0.0,85,0.43276867270469666,89.93652374377488
K90_a0.0,86,0.14695684611797333,39.03361370996946
K90_a0.0,87,0.17878030240535736,102.18273617707106
K90_a0.0,88,0.1902773678302765,51.90317240538243
K90_a0.0,89,0.11633476614952087,73.26580436519671
