words_K80,size_K80,sim_K80-K90,words_K90,size_K90,sim_K90-K100,words_K100,size_K100,sim_K100-K110,words_K110,size_K110,sim_K110-K120,words_K120,size_K120,sim_K120-K130,words_K130,size_K130,sim_K130-K140,words_K140,size_K140,sim_K140-K150,words_K150,size_K150,sim_K150-K160,words_K160,size_K160,sim_K160-K180,words_K180,size_K180,sim_K180-K200,words_K200,size_K200,sim_K200-K220,words_K220,size_K220
"{adaptation, farmer, vulnerability}",70.9,9,"{adaptation, farmer, vulnerability}",75.4,8,"{adaptation, farmer, vulnerability}",68.3,7,"{adaptation, strategy, farmer}",61.2,8,"{adaptation, farmer, strategy}",57.4,7,"{adaptation, farmer, strategy}",60.8,10,"{adaptation, farmer, strategy}",58.8,9,"{adaptation, farmer, strategy}",58.9,8,"{adaptation, strategy, mitigation}",45.9,10,"{adaptation, strategy, mitigation}",42.9,10,"{adaptation, strategy, local}",48.1,8,"{adaptation, strategy, mitigation}",44.2
"{adsorption, capture, membrane}",104.5,8,"{adsorption, capture, material}",120.7,7,"{process, capture, membrane}",87.2,5,"{process, capture, chemical}",73.9,,,,,,,,,,,,,,,,,,,,,,,,
,,,,,,,,5,"{resilience, vulnerability, disaster}",64.8,7,"{vulnerability, social, household}",49.4,8,"{vulnerability, household, index}",57.5,10,"{vulnerability, household, index}",55.3,8,"{vulnerability, household, livelihood}",51.7,8,"{vulnerability, social, adaptive}",45.3,10,"{vulnerability, adaptive, capacity}",47.2,9,"{vulnerability, adaptive, exposure}",44.9,9,"{vulnerability, exposure, capacity}",44.6
,,,,,,,,5,"{membrane, separation, capture}",62.3,7,"{membrane, capture, process}",81.3,5,"{absorption, solvent, capture}",90.4,,,,,,,,,,,,,,,,,,
,,,,,,,,,,,,,,,,,,,,,,,4,"{household, income, rural}",77.3,9,"{household, income, rural}",71.8,8,"{household, income, rural}",68.3,8,"{household, income, rural}",67.1
,,,,,,,,,,,3,"{resilience, infrastructure, framework}",56.6,6,"{resilience, disaster, infrastructure}",50.8,9,"{resilience, disaster, natural}",48.7,5,"{resilience, infrastructure, resilient}",54.1,8,"{resilience, infrastructure, resilient}",55.0,9,"{resilience, infrastructure, resilient}",52.5,7,"{resilience, infrastructure, resilient}",40.1,8,"{resilience, infrastructure, resilient}",47.1
,,,,,,,,,,,,,,4,"{membrane, separation, polymer}",59.0,7,"{membrane, separation, capture}",67.6,5,"{membrane, separation, selectivity}",51.2,8,"{membrane, separation, selectivity}",55.0,7,"{membrane, separation, capture}",60.3,6,"{membrane, separation, selectivity}",50.0,10,"{membrane, separation, selectivity}",52.1
,,,,,,,,,,,,,,,,,,,,,,,,,,,,,,,,4,"{governance, institutional, global}",65.0
,,,,,,,,,,,,,,,,,,,,,,,,,,,,,4,"{challenge, strategy, framework}",138.0,5,"{sustainable, practice, challenge}",73.6
,,,,,,,,,,,,,,,,,,,,4,"{disaster, natural, hazard}",47.5,9,"{disaster, natural, hazard}",49.0,10,"{disaster, natural, hazard}",45.8,9,"{disaster, natural, hazard}",44.5,8,"{disaster, natural, hazard}",44.4
,,,,,,,,,,,,,,,,,,,,,,,,,,,,,,,,4,"{transition, zero, framework}",63.0
,,,,,,,,,,,,,,,,,,,,4,"{capture, solvent, absorption}",77.0,9,"{capture, solvent, absorption}",70.8,4,"{acid, solvent, absorption}",113.5,4,"{acid, protein, diet}",122.8,7,"{acid, fatty, protein}",88.4
,,,,,,,,,,,,,,3,"{management, resource, strategy}",46.6,6,"{management, resource, sustainable}",110.0,6,"{management, strategy, practice}",51.1,8,"{management, practice, strategy}",44.5,9,"{management, practice, strategy}",43.9,7,"{management, decision, practice}",43.7,6,"{management, strategy, practice}",41.3
,,,,,,,,,,,,,,,,,,,,,,,,,,,,,4,"{capture, solvent, absorption}",72.0,10,"{capture, solvent, absorption}",71.2
,,,,,,,,,,,,,,,,,,,,,,,,,,,,,,,,4,"{decision, making, criterion}",67.2
,,,,,,,,,,,,,,,,,,,,,,,,,,4,"{co2, capture, ch4}",38.2,6,"{co2, ch4, sequestration}",35.3,10,"{co2, ch4, sequestration}",33.8
,,,,,,,,,,,,,,3,"{process, capture, production}",64.9,5,"{process, chemical, capture}",66.8,6,"{process, chemical, reactor}",59.9,9,"{process, chemical, methanol}",49.0,7,"{process, chemical, capture}",60.0,7,"{process, chemical, methanol}",54.3,6,"{process, distillation, step}",49.6
,,,,,,,,,,,,,,,,,,,,3,"{resource, natural, human}",39.9,8,"{resource, natural, utilization}",41.5,8,"{resource, natural, utilization}",37.6,9,"{resource, natural, renewable}",36.6,10,"{resource, natural, utilization}",33.9
,,,,,,,,,,,,,,,,,,,,,,,,,,3,"{product, wood, consumer}",50.6,9,"{product, wood, consumer}",60.9,5,"{product, consumer, manufacturer}",51.3
"{air, pollution, quality}",56.8,10,"{air, pollution, quality}",55.7,10,"{air, pollution, quality}",53.8,10,"{air, pollution, quality}",53.5,7,"{air, pollution, quality}",49.0,8,"{air, pollution, quality}",54.6,8,"{air, pollution, quality}",50.1,9,"{air, pollution, quality}",51.5,10,"{air, pollution, quality}",49.9,8,"{air, pollution, pollutant}",48.1,8,"{air, pollution, quality}",49.2,8,"{air, pollution, pollutant}",42.4
,,,,,,,,,,,,,,,,,,,,,,,3,"{human, activity, environment}",83.5,8,"{human, activity, environment}",62.8,9,"{human, activity, environment}",54.3,9,"{human, activity, environment}",53.7
,,,,,,,,,,,,,,,,,,,,,,,,,,,,,,,,4,"{condition, climatic, indoor}",53.6
,,,,,,,,,,,,,,,,,,,,,,,,,,2,"{quality, fruit, improve}",41.9,,,,,,
,,,,,,,,,,,,,,,,,,,,3,"{industry, sector, industrial}",65.4,7,"{industry, sector, industrial}",60.5,7,"{industry, sector, industrial}",55.1,9,"{industry, sector, industrial}",52.7,6,"{industry, steel, manufacturing}",43.9
,,,,,,,,,,,,,,,,,3,"{combustion, ammonia, oxygen}",57.6,,,,,,,,,,,,,,,
,,,,,,,,,,,,,,,,,,,,,,,,,,,,,,,,2,"{industrial, structure, park}",36.5
,,,,,,,,,,,,,,,,,,,,,,,2,"{steel, iron, slag}",54.2,10,"{steel, iron, reduction}",53.9,10,"{steel, iron, slag}",54.1,5,"{reduction, target, achieve}",38.4
,,,,,4,"{adsorption, adsorbent, capacity}",81.6,10,"{adsorption, adsorbent, capture}",86.0,8,"{adsorption, material, adsorbent}",97.9,8,"{adsorption, adsorbent, capacity}",86.1,8,"{adsorption, adsorbent, capture}",94.3,7,"{adsorption, adsorbent, capacity}",89.3,9,"{adsorption, adsorbent, capacity}",84.0,8,"{adsorption, adsorbent, capture}",88.5,8,"{adsorption, adsorbent, capacity}",85.0,9,"{adsorption, adsorbent, capacity}",88.4
"{biochar, pyrolysis, application}",36.7,7,"{biochar, pyrolysis, application}",33.4,10,"{biochar, pyrolysis, application}",32.0,9,"{biochar, pyrolysis, application}",32.7,9,"{biochar, pyrolysis, application}",33.3,9,"{biochar, pyrolysis, application}",35.0,10,"{biochar, pyrolysis, application}",35.2,9,"{biochar, pyrolysis, application}",33.8,10,"{biochar, pyrolysis, application}",33.6,10,"{biochar, pyrolysis, application}",35.2,10,"{biochar, pyrolysis, amendment}",32.5,10,"{biochar, pyrolysis, application}",33.2
"{biomass, production, bioenergy}",60.0,9,"{biomass, production, gasification}",55.6,8,"{biomass, gasification, bioenergy}",51.4,9,"{biomass, gasification, bioenergy}",54.4,9,"{biomass, production, gasification}",59.5,9,"{biomass, production, bioenergy}",58.2,8,"{biomass, gasification, bioenergy}",52.9,9,"{biomass, gasification, bioenergy}",52.6,10,"{biomass, gasification, bioenergy}",53.7,9,"{biomass, gasification, bioenergy}",51.8,10,"{biomass, gasification, bioenergy}",50.5,9,"{biomass, gasification, bioenergy}",48.1
"{building, construction, design}",57.9,10,"{building, construction, design}",58.8,9,"{building, construction, build}",53.9,10,"{building, design, construction}",56.7,9,"{building, construction, design}",56.9,8,"{building, build, design}",58.2,8,"{building, construction, build}",62.1,7,"{building, build, residential}",53.2,9,"{building, build, residential}",52.7,8,"{building, construction, build}",57.6,9,"{building, build, construction}",57.7,8,"{building, build, residential}",52.7
,,,,,,,,,,,,,,,,,4,"{production, produce, biofuel}",45.2,8,"{production, biogas, produce}",35.7,7,"{production, produce, biogas}",49.0,6,"{production, produce, biogas}",39.0,7,"{production, produce, biofuel}",36.3,7,"{production, biogas, produce}",34.7
,,,,,,,,,,,,,,,,,,,,2,"{design, performance, tool}",69.0,9,"{design, performance, approach}",79.2,9,"{design, approach, performance}",73.9,10,"{design, tool, performance}",62.9,8,"{design, performance, approach}",83.8
"{carbon, low, china}",49.8,9,"{carbon, low, sink}",44.5,9,"{carbon, low, trading}",48.0,8,"{carbon, low, sink}",42.4,10,"{carbon, low, sink}",40.5,10,"{carbon, low, sink}",42.4,9,"{carbon, low, sink}",40.1,8,"{carbon, low, sink}",38.7,8,"{carbon, low, sink}",38.6,9,"{carbon, low, sink}",38.0,9,"{carbon, sink, neutrality}",36.1,8,"{carbon, low, sink}",37.0
,,,,,,,,,,,,,,,,,,,,,,,,,,,,,,,,3,"{construction, timber, structure}",40.0
,,,,,3,"{material, construction, design}",97.2,8,"{material, construction, composite}",83.3,4,"{industry, sector, industrial}",68.3,4,"{material, construction, industry}",55.2,,,,,,,,,,,,,,,,,,
,,,,,,,,,,,,,,,,,,,,,,,,,,2,"{transition, zero, net}",63.6,,,,,,
"{catalyst, reaction, metal}",137.7,8,"{catalyst, reaction, catalytic}",116.4,8,"{catalyst, reaction, catalytic}",116.8,10,"{catalyst, reaction, catalytic}",117.5,8,"{catalyst, reaction, catalytic}",121.7,9,"{catalyst, reaction, catalytic}",114.0,9,"{catalyst, reaction, metal}",129.9,9,"{catalyst, reaction, catalytic}",119.7,8,"{catalyst, reaction, catalytic}",114.6,9,"{catalyst, reaction, catalytic}",115.7,8,"{catalyst, reaction, catalytic}",110.1,7,"{catalyst, reaction, catalytic}",104.6
,,3,"{cost, economic, benefit}",67.5,9,"{cost, economic, electricity}",63.4,5,"{cost, optimization, objective}",77.9,5,"{cost, economic, benefit}",65.0,9,"{cost, economic, benefit}",65.0,8,"{cost, economic, benefit}",60.8,8,"{cost, economic, benefit}",57.3,9,"{cost, economic, benefit}",60.2,10,"{cost, economic, benefit}",59.7,9,"{cost, economic, benefit}",59.2,8,"{cost, economic, benefit}",60.0
,,,,,,,,,,,,,,,,,,,,,,,,,,,,,,,,4,"{chemical, methanol, ethanol}",55.8
"{city, smart, china}",39.8,,,,,,,,,,,,,,,,,,,,,,,,,,,,,,,,,
,,,,,,,,,,,,,,,,,,,,4,"{reduction, target, achieve}",46.9,,,,,,,,,,,,
,,,,,,,,,,,5,"{optimization, algorithm, multi}",88.9,8,"{optimization, algorithm, design}",125.8,9,"{optimization, algorithm, multi}",122.7,9,"{optimization, algorithm, multi}",108.2,10,"{optimization, algorithm, multi}",85.8,10,"{optimization, algorithm, multi}",88.4,9,"{optimization, algorithm, multi}",88.0,9,"{optimization, algorithm, multi}",90.0
"{cloud, aerosol, surface}",99.1,8,"{cloud, aerosol, radiative}",87.9,8,"{aerosol, atmospheric, radiative}",89.9,10,"{aerosol, atmospheric, concentration}",97.4,6,"{cloud, aerosol, radiative}",71.7,6,"{aerosol, atmospheric, ozone}",81.5,7,"{aerosol, particle, radiative}",68.8,8,"{aerosol, particle, dust}",64.2,10,"{aerosol, atmospheric, particle}",68.5,9,"{aerosol, particle, dust}",65.2,10,"{aerosol, particle, dust}",61.8,10,"{aerosol, particle, dust}",61.6
,,,,,,,,,,,,,,,,,2,"{uncertainty, decision, projection}",57.5,9,"{uncertainty, decision, projection}",55.8,7,"{uncertainty, projection, estimate}",53.8,,,,,,,,,
"{coal, combustion, mine}",39.2,8,"{coal, combustion, mine}",37.6,9,"{coal, combustion, mine}",37.3,8,"{coal, combustion, mine}",36.9,9,"{coal, combustion, mine}",38.2,9,"{coal, combustion, mine}",38.2,8,"{coal, mine, mining}",34.4,8,"{coal, combustion, mine}",38.5,8,"{coal, mine, fired}",35.2,10,"{coal, mine, mining}",34.9,10,"{coal, mine, fired}",36.8,8,"{coal, fired, gasification}",34.1
,,,,,,,,,,,,,,4,"{cloud, computing, feedback}",57.3,9,"{cloud, feedback, radiative}",53.7,9,"{cloud, feedback, radiative}",51.8,9,"{cloud, feedback, radiative}",54.4,9,"{cloud, feedback, radiative}",52.6,10,"{cloud, feedback, radiative}",51.3,10,"{cloud, feedback, radiative}",53.5
,,,,,,,,,,,,,,,,,,,,,,,,,,,,,2,"{metal, heavy, mining}",31.9,4,"{metal, heavy, mofs}",62.8
,,,,,,,,,,,,,,,,,,,,,,,2,"{metal, heavy, mofs}",34.1,,,,,,,,,
,,,,,,,,,,,,,,,,,,,,,,,,,,,,,,,,2,"{mining, mine, site}",42.2
,,,,,,,,,,,,,,,,,,,,,,,3,"{surface, earth, layer}",57.6,10,"{surface, radiation, earth}",56.8,10,"{surface, radiation, earth}",55.2,,,
,,,,,3,"{cloud, computing, feedback}",47.5,9,"{cloud, feedback, radiative}",51.3,,,,,,,,,,,,,,,,,,,,,,,,
"{community, microbial, diversity}",71.3,10,"{community, microbial, diversity}",73.7,9,"{community, microbial, diversity}",71.6,9,"{community, microbial, diversity}",70.3,9,"{community, microbial, diversity}",67.1,10,"{community, microbial, diversity}",67.9,10,"{community, microbial, diversity}",70.8,10,"{community, microbial, diversity}",65.5,9,"{community, microbial, bacterial}",64.9,10,"{community, microbial, diversity}",64.0,9,"{community, microbial, diversity}",59.5,8,"{community, diversity, composition}",50.5
"{concrete, cement, strength}",102.9,10,"{concrete, cement, strength}",102.4,7,"{concrete, cement, strength}",91.8,10,"{concrete, cement, strength}",93.7,8,"{concrete, cement, strength}",100.4,9,"{concrete, cement, strength}",103.9,6,"{concrete, strength, construction}",79.9,6,"{concrete, cement, strength}",85.7,7,"{concrete, strength, aggregate}",58.6,9,"{concrete, strength, aggregate}",62.7,9,"{concrete, aggregate, strength}",57.3,9,"{concrete, strength, aggregate}",57.0
,,,,,,,,,,,,,,,,,,,,,,,,,,,,,,,,4,"{microbial, bacterial, bacteria}",80.1
"{coral, reef, bleaching}",52.3,9,"{coral, reef, bleaching}",50.7,8,"{coral, reef, bleaching}",46.5,8,"{coral, reef, bleaching}",44.8,9,"{coral, reef, bleaching}",48.6,9,"{coral, reef, bleaching}",51.0,9,"{coral, reef, bleaching}",46.2,10,"{coral, reef, bleaching}",46.7,9,"{coral, reef, bleaching}",50.0,8,"{coral, reef, bleaching}",45.8,9,"{coral, reef, bleaching}",46.4,9,"{coral, reef, bleaching}",48.3
,,,,,,,,,,,,,,,,,,,,,,,6,"{cement, strength, ash}",76.2,10,"{cement, strength, ash}",78.9,9,"{cement, strength, ash}",73.8,10,"{cement, strength, ash}",70.9
,,,,,,,,,,,,,,,,,,,,3,"{fiber, composite, property}",107.0,,,,,,,,,,,,
,,,,,,,,,,,,,,,,,5,"{cement, material, strength}",90.8,,,,,,,,,,,,,,,
,,,,,,,,,,,,,,,,,2,"{fish, fishery, marine}",68.2,9,"{fish, fishery, marine}",67.8,9,"{fish, fishery, marine}",74.0,8,"{fish, fishery, fishing}",58.5,8,"{fish, fishery, marine}",67.2,7,"{fish, fishery, fishing}",65.7
"{cost, supply, chain}",84.5,3,"{supply, chain, product}",54.5,8,"{supply, chain, demand}",49.4,7,"{supply, chain, demand}",52.5,8,"{supply, chain, demand}",48.6,8,"{supply, chain, demand}",50.6,9,"{supply, chain, demand}",50.8,7,"{supply, chain, demand}",44.0,9,"{supply, chain, demand}",43.6,7,"{supply, chain, logistics}",42.0,9,"{supply, chain, logistics}",42.4,9,"{supply, chain, logistics}",41.7
,,,,,,,,,,,,,,,,,,,,,,,,,,,,,,,,2,"{marine, ship, maritime}",48.9
"{country, economic, growth}",101.6,6,"{country, income, develop}",84.0,5,"{country, international, develop}",86.7,6,"{country, income, develop}",74.9,7,"{country, develop, trade}",92.7,6,"{country, income, develop}",87.1,6,"{country, develop, income}",77.6,6,"{country, develop, income}",89.2,5,"{country, international, develop}",100.2,7,"{country, develop, income}",80.1,8,"{country, develop, income}",80.5,8,"{country, develop, income}",79.0
"{crop, yield, agricultural}",70.3,9,"{crop, yield, agricultural}",68.1,7,"{crop, yield, wheat}",63.4,9,"{crop, yield, wheat}",62.3,8,"{crop, yield, wheat}",62.8,9,"{crop, yield, wheat}",61.2,7,"{crop, residue, rotation}",46.2,8,"{crop, irrigation, farmer}",50.7,5,"{crop, yield, wheat}",59.4,7,"{crop, residue, yield}",47.3,9,"{crop, residue, rotation}",46.8,9,"{crop, residue, rotation}",47.9
,,4,"{growth, economic, consumption}",66.6,9,"{growth, economic, consumption}",75.7,9,"{growth, economic, development}",66.5,7,"{growth, economic, rate}",54.1,8,"{growth, economic, rate}",54.5,8,"{growth, economic, relationship}",53.0,8,"{growth, economic, rate}",54.5,9,"{growth, economic, rate}",53.5,8,"{growth, economic, relationship}",53.4,9,"{growth, economic, relationship}",50.2,8,"{growth, economic, relationship}",49.2
,,,,,,,,,,,,,,,,,,,,,,,,,,5,"{yield, wheat, grain}",48.4,7,"{yield, maize, grain}",41.5,7,"{yield, maize, grain}",41.5
,,,,,,,,,,,,,,,,,,,,,,,,,,,,,,,,2,"{term, long, short}",46.0
,,,,,,,,,,,,,,,,,,,,,,,,,,3,"{development, economic, new}",41.2,9,"{development, economic, new}",44.4,9,"{development, economic, new}",36.9
,,,,,,,,,,,,,,,,,,,,,,,,,,,,,4,"{wheat, winter, grain}",40.1,9,"{wheat, grain, straw}",42.6
,,,,,,,,,,,,,,,,,4,"{yield, wheat, grain}",54.0,9,"{yield, wheat, grain}",54.7,,,,,,,,,,,,
,,,,,,,,,,,,,,,,,,,,2,"{term, long, short}",48.1,8,"{term, long, short}",38.2,,,,,,,,,
,,,,,3,"{agricultural, agriculture, farmer}",56.5,8,"{agricultural, agriculture, farmer}",52.5,8,"{agricultural, agriculture, farmer}",51.2,10,"{agricultural, agriculture, farmer}",54.8,8,"{agricultural, agriculture, farmer}",46.2,9,"{agricultural, agriculture, farmer}",44.3,8,"{agricultural, agriculture, productivity}",41.4,9,"{agricultural, agriculture, farmer}",46.5,9,"{agricultural, agriculture, sector}",35.4,6,"{agricultural, agriculture, productivity}",33.4
,,,,,,,,,,,4,"{development, economic, financial}",47.0,,,,,,,,,,,,,,,,,,,,,
"{data, use, analysis}",177.9,6,"{data, use, method}",122.4,8,"{data, monitoring, satellite}",119.3,8,"{data, monitoring, satellite}",110.1,8,"{data, satellite, monitoring}",93.7,6,"{data, use, method}",132.2,7,"{data, use, method}",126.8,5,"{monitoring, satellite, sensor}",142.8,5,"{data, use, monitoring}",109.0,6,"{monitoring, method, sensor}",151.8,8,"{satellite, monitoring, sensor}",141.7,10,"{satellite, monitoring, image}",146.0
"{drought, index, stress}",41.8,10,"{drought, index, stress}",43.4,10,"{drought, index, stress}",44.4,7,"{drought, spei, severity}",37.2,7,"{drought, stress, spei}",41.1,8,"{drought, index, spei}",37.6,9,"{drought, index, spei}",36.8,9,"{drought, spei, severity}",35.0,7,"{drought, stress, spei}",40.3,7,"{drought, spei, severity}",36.2,10,"{drought, spei, severity}",37.1,8,"{drought, spei, severity}",36.9
,,,,,,,,,,,,,,,,,,,,,,,,,,3,"{data, use, analysis}",61.5,8,"{data, use, information}",55.3,10,"{data, use, information}",57.0
,,,,,,,,,,,,,,,,,,,,,,,3,"{spatial, scale, temporal}",80.7,10,"{spatial, scale, temporal}",82.8,8,"{spatial, scale, temporal}",69.2,9,"{spatial, scale, temporal}",71.7
,,,,,,,,,,,,,,,,,,,,3,"{data, use, analysis}",66.8,,,,,,,,,,,,
,,,,,,,,,,,,,,,,,,,,,,,2,"{weather, condition, forecast}",46.8,8,"{weather, forecast, condition}",53.3,,,,,,
"{ecosystem, service, ecological}",64.7,9,"{ecosystem, service, ecological}",68.5,8,"{ecosystem, service, ecological}",61.9,9,"{ecosystem, service, biodiversity}",62.2,9,"{ecosystem, service, biodiversity}",60.8,6,"{ecosystem, service, ecological}",50.4,8,"{ecosystem, service, biodiversity}",54.7,6,"{ecosystem, biodiversity, conservation}",56.0,5,"{ecosystem, service, biodiversity}",48.4,8,"{ecosystem, service, grassland}",47.7,6,"{ecosystem, service, terrestrial}",43.3,7,"{ecosystem, service, biodiversity}",47.5
"{education, student, science}",112.4,,,,,,,,,,,,,,,,,,,,,,,,,,,,,,,,,
,,,,,,,,,,,,,,,,,,,,,,,,,,2,"{marine, ship, phytoplankton}",68.3,,,,,,
,,,,,,,,,,,,,,,,,,,,3,"{service, value, trade}",44.0,,,,,,,,,,,,
,,,,,2,"{fish, marine, fishery}",78.4,8,"{fish, fishery, marine}",68.6,9,"{fish, fishery, marine}",68.8,,,,,,,,,,,,,,,,,,,,,
"{electricity, market, price}",61.1,7,"{electricity, market, demand}",54.8,,,,,,,,,,,,,,,,,,,,,,,,,,,,,,
"{emission, reduction, reduce}",61.8,6,"{emission, ghg, reduction}",65.8,7,"{emission, reduction, reduce}",55.0,8,"{emission, reduction, reduce}",56.9,7,"{emission, reduction, reduce}",49.0,9,"{emission, reduction, reduce}",52.4,10,"{emission, reduction, reduce}",50.4,8,"{emission, greenhouse-gas, reduce}",45.5,9,"{emission, reduction, reduce}",49.1,9,"{emission, reduction, reduce}",49.0,8,"{emission, reduction, reduce}",46.0,8,"{emission, greenhouse-gas, reduce}",45.3
"{energy, consumption, transition}",42.4,8,"{energy, consumption, transition}",39.0,8,"{energy, consumption, demand}",40.2,8,"{energy, consumption, transition}",39.6,9,"{energy, transition, source}",35.2,10,"{energy, transition, source}",37.4,10,"{energy, transition, source}",34.2,9,"{energy, transition, source}",33.6,9,"{energy, transition, source}",31.8,7,"{energy, renewable-energy, saving}",29.4,8,"{energy, source, transition}",46.9,9,"{energy, source, renewable-energy}",44.4
,,,,,,,,,,,,,,,,,,,,,,,,,,,,,,,,3,"{stock, estimate, year}",50.7
,,,,,4,"{ghg, mitigation, scenario}",37.6,8,"{ghg, mitigation, greenhouse-gas}",39.1,6,"{ghg, mitigation, greenhouse-gas}",41.3,10,"{ghg, mitigation, greenhouse-gas}",42.0,5,"{ghg, mitigation, greenhouse-gas}",38.5,8,"{ghg, mitigation, greenhouse-gas}",35.0,7,"{ghg, mitigation, greenhouse-gas}",38.2,7,"{ghg, mitigation, greenhouse-gas}",38.7,9,"{ghg, mitigation, greenhouse-gas}",39.6,7,"{ghg, greenhouse-gas, mitigation}",37.9
,,,,,,,,,,,,,,,,,,,,,,,,,,3,"{demand, source, side}",59.8,6,"{demand, side, supply}",33.7,8,"{demand, increase, side}",38.3
,,,,,,,,,,,,,,,,,3,"{electricity, generation, demand}",47.0,6,"{electricity, demand, sector}",35.6,7,"{electricity, generation, demand}",44.8,6,"{electricity, renewable, sector}",38.5,7,"{electricity, generation, renewable}",38.4,9,"{electricity, generation, renewable}",38.0
,,,,,,,,,,,,,,,,,,,,,,,,,,,,,3,"{load, operation, peak}",44.0,,,
,,,,,,,,,,,,,,,,,3,"{farm, livestock, dairy}",83.3,9,"{farm, animal, dairy}",96.6,4,"{farmer, farm, smallholder}",61.5,9,"{farm, farmer, farming}",51.0,9,"{farmer, farm, livestock}",62.5,5,"{farm, dairy, farming}",39.9
,,,,,,,,,,,,,,,,,,,,,,,,,,5,"{generation, hydropower, renewable}",34.6,,,,,,
,,,,,,,,,,,,,,,,,,,,,,,,,,,,,,,,4,"{farmer, smallholder, perception}",61.9
,,,,,,,,,,,,,,,,,,,,,,,,,,,,,,,,4,"{animal, livestock, feed}",87.3
,,,,,,,,,,,,,,,,,,,,,,,,,,3,"{animal, diet, feed}",99.8,,,,,,
,,,,,,,,,,,,,,,,,,,,4,"{generation, hydropower, renewable}",36.7,,,,,,,,,,,,
,,3,"{china, region, spatial}",73.3,,,,,,,,,,,,,,,,,,,,,,,,,,,,,,
"{environmental, life, cycle}",79.7,8,"{environmental, life, cycle}",79.3,9,"{environmental, life, cycle}",69.4,9,"{life, cycle, environmental}",67.0,6,"{cycle, life, assessment}",59.2,8,"{cycle, life, assessment}",63.9,8,"{life, cycle, assessment}",70.2,8,"{cycle, life, lca}",57.4,8,"{cycle, life, assessment}",61.6,9,"{cycle, life, assessment}",62.5,10,"{cycle, life, assessment}",60.9,8,"{cycle, life, assessment}",55.3
"{extreme, event, weather}",56.6,9,"{extreme, event, weather}",56.9,10,"{extreme, event, weather}",57.1,10,"{extreme, event, weather}",56.4,8,"{extreme, event, weather}",54.4,8,"{extreme, event, weather}",52.8,9,"{extreme, event, weather}",53.6,9,"{extreme, event, weather}",51.0,7,"{extreme, event, frequency}",48.7,9,"{extreme, event, frequency}",49.5,9,"{extreme, event, weather}",52.9,8,"{extreme, event, weather}",49.7
,,,,,,,,,,,,,,,,,,,,,,,,,,,,,,,,4,"{impact, assessment, potential}",33.6
,,,,,,,,,,,2,"{effect, increase, impact}",79.2,,,,,,,,,,,,,,,,,,,,,
"{fire, wildfire, burn}",39.3,9,"{fire, wildfire, burn}",38.9,10,"{fire, wildfire, burn}",40.6,10,"{fire, wildfire, burn}",40.4,10,"{fire, wildfire, burn}",40.4,9,"{fire, wildfire, burn}",39.7,9,"{fire, wildfire, burn}",39.7,7,"{fire, burn, regime}",33.9,10,"{fire, burn, regime}",34.5,9,"{fire, burn, regime}",34.1,10,"{fire, burn, regime}",34.9,9,"{fire, burn, regime}",35.2
"{flood, disaster, flooding}",39.4,9,"{flood, flooding, disaster}",39.6,9,"{flood, flooding, disaster}",39.7,10,"{flood, flooding, disaster}",38.3,8,"{flood, flooding, damage}",36.6,9,"{flood, flooding, damage}",38.3,10,"{flood, flooding, damage}",38.6,8,"{flood, flooding, damage}",37.5,9,"{flood, flooding, damage}",37.4,9,"{flood, flooding, damage}",38.1,10,"{flood, flooding, damage}",38.4,10,"{flood, flooding, damage}",38.8
,,,,,,,,,,,,,,,,,,,,4,"{wildfire, burn, smoke}",39.2,8,"{wildfire, state, united}",45.3,7,"{wildfire, impact, burn}",40.1,9,"{wildfire, state, burn}",40.7,7,"{wildfire, burn, smoke}",39.6
"{food, security, production}",55.5,9,"{food, security, production}",56.1,6,"{food, security, diet}",47.7,9,"{food, security, diet}",47.2,7,"{food, security, production}",52.3,9,"{food, security, production}",52.1,7,"{food, security, insecurity}",48.1,10,"{food, security, insecurity}",46.0,8,"{food, security, diet}",49.1,7,"{food, security, insecurity}",44.3,8,"{food, security, diet}",44.5,10,"{food, security, insecurity}",44.2
,,,,,,,,,,,,,,,,,,,,,,,,,,,,,,,,3,"{state, united, art}",50.5
,,,,,,,,,,,3,"{disaster, natural, hazard}",45.7,3,"{human, activity, natural}",85.5,8,"{human, activity, environment}",75.7,3,"{change, climatic, response}",50.4,6,"{change, climatic, response}",43.2,8,"{change, climatic, response}",44.9,7,"{change, climatic, response}",41.3,8,"{change, climatic, response}",39.1
"{forest, management, stock}",47.1,9,"{forest, tropical, management}",46.5,10,"{forest, management, tropical}",47.0,10,"{forest, management, tropical}",48.6,10,"{forest, management, stand}",47.7,9,"{forest, tropical, stand}",45.8,9,"{forest, tropical, stand}",47.7,9,"{forest, stand, tropical}",47.8,10,"{forest, stand, tropical}",48.9,9,"{forest, stand, tropical}",48.1,9,"{forest, stand, tropical}",47.9,8,"{forest, tropical, stand}",46.5
,,,,,,,,,,,3,"{consumption, household, income}",50.7,9,"{consumption, household, electricity}",55.6,8,"{consumption, household, reduce}",53.7,9,"{consumption, household, reduce}",52.4,7,"{consumption, reduce, per}",47.5,9,"{consumption, reduce, run}",48.0,9,"{consumption, energy, reduce}",39.9,10,"{consumption, energy, reduce}",40.4
"{fuel, engine, diesel}",74.6,7,"{engine, diesel, combustion}",70.3,9,"{engine, diesel, combustion}",66.2,6,"{fuel, engine, combustion}",76.6,6,"{engine, diesel, combustion}",69.8,8,"{engine, diesel, combustion}",71.9,9,"{engine, diesel, biodiesel}",63.9,8,"{engine, diesel, combustion}",72.3,8,"{engine, diesel, biodiesel}",65.9,9,"{engine, diesel, biodiesel}",66.8,9,"{engine, diesel, biodiesel}",66.9,8,"{engine, diesel, biodiesel}",68.0
"{gas, natural, hydrate}",50.6,8,"{gas, natural, hydrate}",44.8,8,"{gas, natural, hydrate}",42.9,8,"{gas, natural, turbine}",41.6,9,"{gas, natural, turbine}",43.2,9,"{gas, natural, hydrate}",42.9,10,"{gas, natural, hydrate}",42.7,9,"{gas, natural, turbine}",43.4,9,"{gas, natural, flue}",40.9,9,"{gas, natural, flue}",41.5,9,"{gas, natural, flue}",41.8,10,"{gas, natural, flue}",42.2
,,,,,,,,,,,4,"{fuel, fossil, cell}",54.2,9,"{fuel, fossil, cell}",54.7,10,"{fuel, fossil, cell}",52.5,9,"{fuel, fossil, cell}",54.7,9,"{fuel, fossil, cell}",50.6,10,"{fuel, fossil, cell}",51.6,9,"{fuel, fossil, alternative}",51.3,9,"{fuel, fossil, alternative}",47.5
,,4,"{fuel, fossil, cell}",51.9,9,"{fuel, fossil, cell}",52.4,,,,,,,,,,,,,,,,,,,,,,,,,,,
"{ghg, scenario, mitigation}",45.5,,,,,,,,,,,,,,,,,,,,,,,,,,,,,,,,,
"{glacier, mass, retreat}",47.3,8,"{glacier, mass, retreat}",46.0,9,"{glacier, mass, retreat}",46.3,10,"{glacier, mass, retreat}",46.2,10,"{glacier, mass, retreat}",46.1,9,"{glacier, mass, retreat}",43.9,10,"{glacier, mass, retreat}",44.9,9,"{glacier, mass, retreat}",46.2,10,"{glacier, mass, retreat}",46.2,9,"{glacier, mass, retreat}",44.4,9,"{glacier, mass, retreat}",42.1,10,"{glacier, mass, retreat}",44.6
"{green, innovation, finance}",50.5,9,"{green, innovation, finance}",54.9,9,"{green, innovation, finance}",51.9,7,"{green, finance, innovation}",44.6,8,"{green, finance, innovation}",46.1,9,"{green, finance, innovation}",49.1,5,"{green, finance, roof}",36.4,5,"{green, innovation, finance}",47.5,9,"{green, finance, innovation}",44.3,6,"{green, finance, roof}",35.1,10,"{green, finance, roof}",34.7,9,"{green, finance, roof}",33.7
,,,,,,,,,,,,,,,,,,,,,,,,,,,,,2,"{elevation, plateau, mountain}",65.2,5,"{landslide, elevation, mountain}",68.6
"{groundwater, recharge, aquifer}",44.7,9,"{groundwater, recharge, aquifer}",43.5,10,"{groundwater, recharge, aquifer}",45.6,10,"{groundwater, recharge, aquifer}",44.7,9,"{groundwater, recharge, aquifer}",44.1,9,"{groundwater, recharge, aquifer}",43.3,8,"{groundwater, recharge, aquifer}",42.0,8,"{groundwater, recharge, aquifer}",45.5,8,"{groundwater, recharge, aquifer}",44.0,9,"{groundwater, recharge, aquifer}",44.4,9,"{groundwater, recharge, aquifer}",43.9,8,"{groundwater, recharge, aquifer}",43.9
,,,,,,,,,,,,,,,,,,,,,,,,,,3,"{financial, firm, company}",82.9,9,"{financial, firm, investment}",83.4,9,"{financial, firm, investment}",79.2
,,,,,,,,,,,,,,,,,4,"{financial, investment, development}",84.3,,,,,,,,,,,,,,,
,,,,,,,,,,,,,,,,,4,"{innovation, digital, technological}",69.1,,,,,,,,,,,,,,,
"{health, disease, human}",77.6,7,"{health, public, human}",59.8,10,"{health, public, human}",57.5,10,"{health, public, human}",59.2,10,"{health, public, human}",58.2,9,"{health, public, mental}",58.8,10,"{health, public, mental}",59.2,9,"{health, public, human}",58.7,9,"{health, public, mental}",60.8,10,"{health, public, mental}",59.0,9,"{health, mental, care}",56.7,9,"{health, public, mental}",59.2
"{heat, pump, stress}",52.2,10,"{heat, stress, pump}",51.4,10,"{heat, stress, pump}",51.6,9,"{heat, pump, heating}",48.8,8,"{heat, stress, pump}",51.8,9,"{heat, pump, heating}",46.4,9,"{heat, pump, heating}",47.1,10,"{heat, pump, heating}",48.5,9,"{heat, stress, pump}",51.9,9,"{heat, pump, heating}",47.9,10,"{heat, pump, heating}",48.2,8,"{heat, pump, heating}",43.4
,,4,"{disease, vector, pathogen}",89.9,10,"{disease, vector, pathogen}",90.4,9,"{disease, vector, pathogen}",90.2,9,"{disease, vector, pathogen}",90.7,10,"{disease, vector, pathogen}",93.7,10,"{disease, vector, pathogen}",90.3,10,"{disease, vector, pathogen}",93.1,10,"{disease, vector, pathogen}",92.3,10,"{disease, vector, pathogen}",91.9,9,"{disease, vector, pathogen}",91.9,9,"{disease, vector, pathogen}",93.8
,,,,,,,,,,,,,,,,,,,,,,,,,,,,,,,,3,"{cool, cooling, refrigerant}",68.0
"{hydrogen, production, electrolysis}",35.1,9,"{hydrogen, production, electrolysis}",34.0,8,"{hydrogen, electrolysis, cell}",33.4,8,"{hydrogen, electrolysis, cell}",34.3,8,"{hydrogen, production, electrolysis}",35.5,8,"{hydrogen, production, electrolysis}",34.9,9,"{hydrogen, electrolysis, cell}",33.4,10,"{hydrogen, electrolysis, cell}",34.9,9,"{hydrogen, electrolysis, cell}",33.2,9,"{hydrogen, electrolysis, cell}",33.1,9,"{hydrogen, electrolysis, steam}",32.3,9,"{hydrogen, electrolysis, production}",32.7
"{ice, arctic, sea}",55.6,8,"{ice, sea, sheet}",42.2,9,"{ice, sea, sheet}",46.2,9,"{ice, sea, sheet}",46.7,10,"{ice, sea, sheet}",44.5,10,"{ice, sheet, antarctic}",44.9,8,"{ice, sheet, antarctic}",44.8,8,"{ice, sea, arctic}",48.2,10,"{ice, sea, sheet}",46.0,8,"{ice, sheet, sea}",44.4,9,"{ice, sheet, antarctic}",43.6,9,"{ice, sheet, antarctic}",45.6
,,,,,,,,,,,,,,,,,,,,,,,2,"{combustion, ammonia, oxygen}",56.0,8,"{combustion, oxygen, capture}",54.6,7,"{combustion, ammonia, oxygen}",51.6,8,"{combustion, oxygen, oxy}",57.5
"{inf, concentration, flux}",40.6,9,"{inf, concentration, flux}",37.4,7,"{inf, concentration, atmospheric}",35.8,7,"{inf, concentration, flux}",38.5,7,"{inf, elevate, capture}",34.8,8,"{inf, concentration, atmospheric}",35.1,7,"{inf, capture, elevate}",35.5,6,"{inf, concentration, atmospheric}",36.8,10,"{inf, concentration, atmospheric}",34.6,7,"{inf, atmospheric, elevate}",34.0,6,"{inf, pco, elevate}",33.4,9,"{inf, elevate, pco}",35.4
"{lake, sediment, level}",48.9,5,"{record, holocene, sediment}",159.8,8,"{record, sediment, holocene}",169.7,10,"{sediment, record, holocene}",153.5,8,"{record, holocene, climate}",155.0,9,"{record, holocene, late}",159.5,9,"{record, holocene, late}",158.3,7,"{sediment, record, holocene}",169.2,8,"{record, holocene, late}",162.3,9,"{record, holocene, pollen}",156.8,8,"{record, holocene, late}",166.8,10,"{record, holocene, late}",157.9
,,,,,,,,,,,,,,,,,,,,,,,,,,5,"{increase, concentration, effect}",55.1,5,"{concentration, atmospheric, ppm}",53.1,8,"{concentration, atmospheric, increase}",51.9
,,,,,,,,,,,,,,,,,,,,,,,,,,,,,3,"{pollen, cal, peat}",57.3,6,"{pollen, cal, holocene}",53.9
,,,,,,,,,,,4,"{concentration, ozone, atmospheric}",79.3,6,"{co2, concentration, atmospheric}",36.1,6,"{concentration, ozone, atmospheric}",84.4,4,"{ozone, atmospheric, concentration}",67.3,9,"{ozone, stratospheric, concentration}",63.1,9,"{ozone, stratospheric, depletion}",59.6,9,"{ozone, stratospheric, depletion}",59.3,8,"{ozone, stratospheric, depletion}",59.1
,,,,,,,,,,,,,,,,,,,,,,,,,,,,,,,,4,"{wood, peat, pellet}",52.5
"{land, change, use}",49.2,9,"{land, use, cover}",49.9,8,"{land, change, use}",48.5,8,"{land, change, use}",46.5,9,"{land, use, cover}",45.4,6,"{land, use, cover}",41.8,7,"{land, use, change}",42.9,9,"{land, use, cover}",42.6,8,"{land, use, cover}",39.7,9,"{land, use, cover}",39.3,10,"{land, use, cover}",37.8,9,"{land, use, cover}",38.6
,,4,"{lake, sediment, level}",36.4,8,"{lake, level, sediment}",37.7,9,"{lake, level, diatom}",38.3,8,"{lake, level, diatom}",37.4,8,"{lake, level, diatom}",36.5,7,"{lake, diatom, phytoplankton}",36.1,5,"{lake, level, sediment}",36.0,8,"{lake, level, diatom}",37.4,9,"{lake, level, diatom}",37.4,5,"{lake, diatom, aquatic}",34.9,8,"{lake, level, diatom}",36.8
,,,,,,,,,,,,,,,,,,,,,,,,,,,,,1,"{grassland, graze, grazing}",40.4,7,"{grassland, alpine, graze}",44.2
"{methane, production, oxidation}",59.1,9,"{methane, production, landfill}",55.1,7,"{methane, landfill, oxidation}",51.7,7,"{methane, flux, landfill}",50.5,5,"{methane, production, oxidation}",54.9,9,"{methane, production, landfill}",55.7,5,"{methane, landfill, oxidation}",46.6,8,"{methane, landfill, oxidation}",45.3,7,"{methane, landfill, oxidation}",53.6,7,"{methane, landfill, oxidation}",44.6,8,"{methane, landfill, oxidation}",46.9,8,"{methane, landfill, oxidation}",43.7
,,,,,,,,,,,,,,,,,,,,,,,,,,,,,4,"{nutrient, phytoplankton, bloom}",63.6,8,"{nutrient, phytoplankton, phosphorus}",63.6
,,,,,,,,,,,,,,,,,,,,,,,2,"{sediment, erosion, load}",61.7,9,"{sediment, erosion, load}",62.4,7,"{sediment, core, sedimentary}",56.4,7,"{sediment, erosion, load}",58.4
"{model, climate, scenario}",76.2,8,"{model, scenario, simulation}",75.8,9,"{model, simulation, scenario}",74.5,5,"{model, prediction, simulation}",101.7,5,"{model, climate, simulation}",68.4,8,"{model, simulation, prediction}",69.3,9,"{model, simulation, prediction}",68.3,7,"{model, simulation, simulate}",61.1,9,"{model, simulation, simulate}",59.6,7,"{model, simulation, prediction}",91.5,9,"{model, prediction, simulation}",92.8,8,"{model, simulation, prediction}",68.6
,,,,,,,,,,,2,"{flux, net, measurement}",66.2,10,"{flux, measurement, net}",72.6,9,"{flux, net, measurement}",63.7,10,"{flux, net, measurement}",61.2,8,"{flux, measurement, site}",58.2,9,"{flux, net, measurement}",63.2,8,"{flux, measurement, eddy}",57.5,8,"{flux, measurement, site}",52.1
,,,,,,,,,,,,,,3,"{climate, future, action}",43.1,8,"{climate, change, future}",42.1,7,"{climate, action, future}",33.1,,,,,,,,,,,,
,,,,,,,,,,,,,,,,,,,,,,,,,,,,,3,"{net, npp, productivity}",42.3,9,"{npp, net, productivity}",41.8
,,,,,,,,,,,,,,,,,,,,,,,,,,1,"{site, heritage, location}",59.1,8,"{site, heritage, location}",62.1,,,
,,,,,3,"{production, produce, biogas}",60.5,8,"{production, animal, livestock}",65.1,,,,,,,,,,,,,,,,,,,,,,,,
,,,,,,,,3,"{uncertainty, decision, estimate}",56.2,,,,,,,,,,,,,,,,,,,,,,,,
"{network, algorithm, optimization}",141.1,5,"{network, neural, learning}",80.5,8,"{network, neural, prediction}",85.3,5,"{network, neural, learning}",67.0,5,"{network, prediction, neural}",111.0,5,"{network, neural, distribution}",53.9,5,"{network, neural, prediction}",78.9,8,"{prediction, forecast, accuracy}",100.7,10,"{prediction, accuracy, error}",110.7,7,"{network, neural, prediction}",66.0,9,"{network, neural, learning}",60.1,9,"{network, neural, prediction}",66.8
,,5,"{climate, future, projection}",43.1,8,"{climate, change, future}",48.7,6,"{climate, scenario, future}",56.8,4,"{scenario, future, project}",47.6,6,"{scenario, future, projection}",60.7,6,"{scenario, future, project}",54.2,7,"{scenario, future, projection}",59.5,8,"{scenario, future, projection}",55.2,7,"{scenario, project, future}",54.6,7,"{scenario, future, model}",49.9,6,"{scenario, future, rcp}",57.8
,,,,,,,,,,,,,,,,,,,,3,"{network, neural, distribution}",46.2,8,"{network, neural, distribution}",45.7,,,,,,,,,
,,,,,,,,,,,,,,,,,,,,,,,,,,,,,5,"{project, construction, cdm}",63.5,9,"{project, cdm, projection}",59.3
,,5,"{optimization, algorithm, multi}",102.2,8,"{optimization, algorithm, multi}",99.3,,,,,,,,,,,,,,,,,,,,,,,,,,,
,,,,,,,,,,,,,,,,,,,,4,"{project, cdm, projection}",60.9,9,"{project, cdm, projection}",59.8,,,,,,,,,
,,,,,,,,,,,,,,3,"{project, design, cdm}",66.0,,,,,,,,,,,,,,,,,,
,,,,,,,,,,,3,"{change, climate, climatic}",43.4,7,"{change, climatic, response}",47.7,,,,,,,,,,,,,,,,,,
"{ocean, climate, pacific}",161.2,5,"{ocean, pacific, atlantic}",98.0,8,"{ocean, pacific, atlantic}",108.9,8,"{pacific, enso, variability}",112.1,10,"{pacific, enso, variability}",108.4,10,"{pacific, enso, variability}",110.8,10,"{pacific, enso, variability}",107.1,10,"{pacific, enso, variability}",114.9,10,"{pacific, enso, variability}",103.3,8,"{enso, pacific, niño}",81.3,8,"{pacific, enso, tropical}",96.6,10,"{pacific, enso, variability}",104.8
"{oil, reservoir, injection}",88.2,6,"{reservoir, injection, co2}",103.5,10,"{reservoir, injection, co2}",108.9,9,"{reservoir, injection, co2}",106.3,2,"{carbonation, carbonate, mineral}",106.9,,,,,,,,,,,,,,,,,,,,,
,,,,,,,,,,,,,,,,,,,,,,,,,,4,"{atlantic, north, circulation}",85.9,,,,,,
,,,,,,,,3,"{ocean, marine, surface}",71.5,9,"{ocean, marine, deep}",67.4,9,"{ocean, marine, acidification}",72.8,9,"{ocean, marine, circulation}",69.4,10,"{ocean, marine, acidification}",67.8,9,"{ocean, marine, circulation}",71.6,7,"{ocean, acidification, global}",62.5,8,"{ocean, marine, circulation}",68.7,8,"{ocean, circulation, surface}",67.3
,,,,,,,,2,"{hydrate, formation, sediment}",48.8,8,"{hydrate, formation, phase}",40.9,,,,,,,,,,,,,,,,,,,,,
"{plant, stress, leaf}",97.6,9,"{plant, stress, leaf}",84.6,9,"{plant, stress, leaf}",86.8,5,"{plant, leaf, root}",59.9,5,"{plant, stress, leaf}",84.4,5,"{stress, gene, protein}",122.0,9,"{stress, gene, tolerance}",97.3,10,"{stress, gene, tolerance}",100.0,6,"{plant, stress, abiotic}",61.6,5,"{stress, abiotic, tolerance}",82.4,8,"{stress, gene, abiotic}",88.3,9,"{stress, gene, abiotic}",90.7
,,4,"{oil, palm, biodiesel}",49.0,8,"{oil, palm, biodiesel}",47.8,9,"{oil, palm, biodiesel}",49.3,8,"{oil, production, palm}",56.2,9,"{oil, palm, biodiesel}",52.4,9,"{oil, palm, recovery}",50.0,9,"{oil, palm, biodiesel}",50.9,10,"{oil, palm, recovery}",50.5,10,"{oil, palm, recovery}",48.8,10,"{oil, palm, recovery}",49.3,10,"{oil, palm, recovery}",50.5
,,,,,,,,,,,,,,,,,,,,,,,,,,,,,3,"{salinity, salt, saline}",51.8,8,"{salinity, salt, saline}",51.5
,,,,,,,,,,,,,,,,,,,,,,,,,,3,"{plant, interaction, abiotic}",43.0,8,"{plant, interaction, abiotic}",41.7,9,"{plant, interaction, abiotic}",42.0
,,,,,,,,,,,,,,,,,,,,,,,,,,1,"{seed, germination, seedling}",50.9,9,"{seed, germination, seedling}",54.2,9,"{seed, germination, seedling}",55.0
,,,,,,,,,,,,,,,,,,,,,,,,,,,,,1,"{effect, negative, positive}",51.7,7,"{effect, increase, negative}",66.3
,,,,,,,,,,,,,,4,"{plant, seed, interaction}",47.3,7,"{plant, interaction, nutrient}",45.0,9,"{plant, interaction, root}",44.7,,,,,,,,,,,,
,,,,,,,,,,,,,,4,"{leaf, trait, root}",86.1,8,"{leaf, trait, root}",82.3,9,"{leaf, trait, root}",83.2,9,"{leaf, trait, root}",94.8,6,"{leaf, photosynthesis, stomatal}",71.4,7,"{leaf, trait, stomatal}",75.0,10,"{leaf, trait, stomatal}",76.8
,,,,,,,,,,,,,,,,,2,"{seed, germination, seedling}",56.1,10,"{seed, germination, seedling}",57.2,,,,,,,,,,,,
,,,,,,,,,,,,,,,,,,,,,,,,,,,,,3,"{light, intensity, greenhouse}",63.8,,,
,,,,,,,,5,"{stress, gene, tolerance}",96.9,,,,,,,,,,,,,,,,,,,,,,,,
"{policy, tax, government}",63.5,5,"{policy, government, public}",82.5,5,"{policy, market, tax}",67.9,7,"{policy, tax, government}",60.1,9,"{policy, tax, government}",57.6,9,"{policy, tax, government}",61.4,9,"{policy, government, public}",56.9,7,"{policy, government, public}",56.5,7,"{policy, government, public}",56.7,9,"{policy, government, mitigation}",51.4,9,"{policy, government, national}",50.2,8,"{policy, tax, government}",49.6
"{population, genetic, trait}",107.2,9,"{population, genetic, trait}",102.3,9,"{population, genetic, trait}",105.1,8,"{population, genetic, trait}",101.0,9,"{population, genetic, trait}",103.8,8,"{population, genetic, diversity}",95.6,10,"{population, genetic, diversity}",94.1,10,"{population, genetic, diversity}",98.1,5,"{genetic, gene, diversity}",106.6,8,"{genetic, gene, diversity}",112.5,,,,,,
,,,,,,,,,,,,,,,,,,,,,,,,,,,,,,,,4,"{sector, economy, private}",41.8
,,,,,,,,,,,,,,,,,,,,,,,,,,,,,3,"{public, perception, communication}",92.6,,,
,,,,,,,,,,,,,,,,,2,"{tax, price, subsidy}",49.3,9,"{tax, price, subsidy}",51.1,9,"{tax, price, subsidy}",50.2,9,"{tax, price, subsidy}",46.4,9,"{tax, price, subsidy}",44.4,,,
,,,,,,,,,,,,,,,,,,,,,,,,,,3,"{trait, functional, variation}",65.7,,,,,,
,,,,,,,,,,,,,,,,,,,,,,,4,"{population, size, migration}",76.5,9,"{population, size, demographic}",66.5,4,"{population, genetic, gene}",89.9,9,"{population, genetic, diversity}",94.1
,,,,,,,,3,"{market, price, trading}",71.2,10,"{market, price, trading}",67.5,9,"{market, price, trading}",71.7,6,"{market, price, trading}",59.9,7,"{market, price, trading}",67.3,9,"{market, price, trading}",66.9,7,"{market, price, trading}",62.3,9,"{market, price, trading}",58.2,10,"{market, price, trading}",60.7
,,,,,,,,,,,,,,,,,,,,,,,,,,1,"{migration, migrant, bird}",65.7,6,"{migration, phenology, bird}",70.5,6,"{migration, migrant, bird}",66.1
"{power, generation, grid}",56.5,8,"{power, generation, grid}",53.6,8,"{power, generation, electricity}",60.3,7,"{power, generation, grid}",55.0,9,"{power, generation, grid}",54.1,6,"{power, generation, electricity}",49.8,6,"{power, generation, grid}",53.3,5,"{power, nuclear, electric}",44.3,7,"{power, generation, electric}",44.7,9,"{power, electric, operation}",43.9,9,"{power, generation, electric}",43.8,10,"{power, generation, electric}",45.6
"{precipitation, region, china}",54.1,6,"{precipitation, trend, region}",59.3,6,"{precipitation, region, annual}",58.0,8,"{precipitation, annual, change}",49.5,7,"{precipitation, region, annual}",40.0,7,"{precipitation, region, annual}",44.9,8,"{precipitation, annual, increase}",44.7,7,"{precipitation, annual, increase}",49.3,9,"{precipitation, annual, moisture}",46.9,10,"{precipitation, annual, moisture}",50.1,8,"{precipitation, annual, moisture}",51.0,6,"{precipitation, annual, increase}",47.8
,,,,,,,,,,,,,,,,,,,,4,"{grid, smart, load}",70.8,8,"{grid, smart, load}",55.6,9,"{grid, smart, load}",55.5,6,"{grid, charge, microgrid}",49.9,8,"{grid, load, microgrid}",49.9
,,,,,,,,,,,,,,,,,,,,,,,,,,,,,,,,3,"{monsoon, asian, india}",60.7
,,,,,,,,,,,,,,3,"{grid, smart, load}",58.3,,,,,,,,,,,,,,,,,,
,,,,,,,,,,,,,,,,,,,,,,,,,,,,,2,"{control, greenhouse, strategy}",55.3,8,"{control, greenhouse, controller}",42.7
,,,,,,,,,,,,,,,,,2,"{region, regional, south}",55.0,8,"{region, area, regional}",69.1,8,"{region, regional, south}",60.1,8,"{region, africa, south}",53.2,5,"{region, regional, arid}",48.8,7,"{region, regional, arid}",58.5
,,,,,,,,4,"{electricity, demand, generation}",53.6,8,"{electricity, generation, demand}",47.0,,,,,,,,,,,,,,,,,,,,,
,,,,,,,,,,,,,,,,,,,,,,,,,,,,,5,"{africa, south, african}",62.1,,,
,,,,,,,,,,,2,"{irrigation, drip, irrigated}",37.4,8,"{irrigation, drip, irrigated}",38.9,9,"{irrigation, drip, irrigated}",35.6,,,,,,,,,,,,,,,
"{rainfall, monsoon, runoff}",45.8,6,"{rainfall, trend, monsoon}",54.6,5,"{rainfall, monsoon, season}",50.5,9,"{rainfall, season, monsoon}",49.0,7,"{rainfall, monsoon, rain}",44.6,9,"{rainfall, monsoon, rain}",44.7,10,"{rainfall, monsoon, rain}",45.6,10,"{rainfall, monsoon, rain}",45.2,9,"{rainfall, monsoon, rain}",44.9,9,"{rainfall, monsoon, rain}",46.2,9,"{rainfall, monsoon, rain}",47.2,6,"{rainfall, rain, intensity}",43.6
,,,,,,,,3,"{china, province, region}",65.6,7,"{china, region, province}",63.6,7,"{china, region, spatial}",74.6,7,"{china, industry, province}",62.6,7,"{china, province, development}",63.3,7,"{china, province, development}",56.7,9,"{china, province, chinese}",57.8,8,"{china, province, chinese}",54.4,9,"{china, province, chinese}",55.7
,,,,,,,,2,"{spatial, scale, temporal}",79.1,7,"{spatial, scale, temporal}",79.4,,,,,,,,,,,,,,,,,,,,,
,,,,,,,,,,,,,,,,,,,,3,"{construction, factor, structure}",46.8,4,"{construction, timber, dam}",39.7,,,,,,,,,
,,,,,,,,,,,,,,,,,3,"{spatial, scale, temporal}",82.6,,,,,,,,,,,,,,,
,,,,,5,"{trend, year, station}",79.2,8,"{trend, station, annual}",61.7,8,"{trend, year, annual}",68.4,5,"{trend, analysis, significant}",66.0,6,"{trend, station, analysis}",69.7,7,"{trend, station, series}",60.2,8,"{trend, station, year}",66.1,7,"{trend, station, series}",65.2,10,"{trend, station, series}",64.4,7,"{trend, year, annual}",66.1
"{rice, yield, paddy}",39.1,8,"{rice, yield, paddy}",36.2,9,"{rice, paddy, yield}",37.4,9,"{rice, paddy, yield}",36.3,9,"{rice, paddy, yield}",36.5,9,"{rice, paddy, yield}",35.6,8,"{rice, paddy, straw}",32.4,10,"{rice, paddy, straw}",34.1,9,"{rice, paddy, yield}",36.8,9,"{rice, paddy, straw}",33.9,9,"{rice, paddy, straw}",33.5,9,"{rice, paddy, straw}",34.7
,,,,,,,,,,,,,,,,,,,,,,,,,,3,"{year, period, time}",61.5,,,,,,
,,,,,,,,,,,,,,,,,,,,,,,,,,,,,2,"{fertilizer, manure, application}",50.5,,,
,,,,,,,,,,,,,,2,"{term, long, short}",50.3,,,,,,,,,,,,,,,,,,
,,,,,,,,2,"{term, long, short}",53.1,,,,,,,,,,,,,,,,,,,,,,,,
"{risk, disaster, vulnerability}",57.0,8,"{risk, disaster, vulnerability}",59.8,10,"{risk, disaster, vulnerability}",56.4,7,"{risk, assessment, hazard}",47.8,8,"{risk, assessment, climate}",46.5,8,"{risk, assessment, hazard}",49.7,8,"{risk, assessment, hazard}",45.1,7,"{risk, assessment, hazard}",45.6,7,"{risk, assessment, hazard}",41.2,9,"{risk, assessment, hazard}",41.5,9,"{risk, assessment, hazard}",39.6,8,"{risk, assessment, hazard}",39.5
"{river, basin, runoff}",61.9,9,"{river, basin, runoff}",53.6,6,"{river, basin, discharge}",48.6,10,"{river, basin, discharge}",47.7,8,"{river, basin, discharge}",46.8,9,"{river, basin, discharge}",45.2,8,"{river, discharge, yangtze}",40.5,8,"{river, basin, discharge}",48.8,8,"{river, basin, discharge}",46.3,10,"{river, basin, discharge}",46.4,9,"{river, basin, discharge}",45.8,8,"{river, basin, discharge}",45.2
,,,,,,,,,,,,,,,,,,,,,,,,,,,,,,,,1,"{local, knowledge, indigenous}",63.2
,,,,,,,,,,,,,,,,,,,,,,,2,"{decision, making, criterion}",79.8,6,"{uncertainty, decision, making}",65.8,3,"{uncertainty, decision, projection}",59.5,9,"{uncertainty, projection, estimate}",54.1
"{sea, coastal, level}",77.0,9,"{sea, coastal, level}",72.9,9,"{sea, coastal, level}",66.5,9,"{sea, coastal, level}",69.0,6,"{sea, coastal, level}",61.6,7,"{sea, level, rise}",44.9,6,"{sea, rise, surface}",47.0,,,,,,,,,,,,,,,
,,,,,5,"{flow, runoff, hydrological}",61.3,9,"{flow, runoff, hydrological}",61.1,6,"{runoff, hydrological, catchment}",43.0,10,"{runoff, hydrological, catchment}",45.0,8,"{runoff, change, hydrological}",45.3,7,"{flow, runoff, hydrological}",57.1,7,"{runoff, hydrological, catchment}",43.8,10,"{runoff, hydrological, catchment}",47.5,10,"{runoff, hydrological, catchment}",45.6,7,"{hydrological, streamflow, catchment}",57.9
,,,,,,,,,,,,,,,,,5,"{level, rise, low}",38.2,,,,,,,,,,,,,,,
,,,,,,,,,,,,,,,,,,,,,,,,,,,,,,,,3,"{runoff, annual, surface}",31.5
,,,,,,,,,,,,,,,,,,,,,,,4,"{flow, rate, stream}",53.1,8,"{flow, stream, regime}",54.6,9,"{flow, stream, regime}",56.8,7,"{flow, stream, regime}",50.6
,,,,,,,,,,,,,,,,,4,"{basin, streamflow, mediterranean}",39.0,,,,,,,,,,,,,,,
,,,,,,,,,,,,,,4,"{coastal, erosion, coast}",56.8,9,"{coastal, erosion, coast}",51.0,6,"{sea, coastal, level}",62.5,8,"{sea, coastal, level}",61.3,10,"{sea, coastal, level}",59.5,5,"{coastal, coast, storm}",48.3,9,"{coastal, erosion, coast}",49.8
,,,,,,,,,,,4,"{wave, height, storm}",44.0,8,"{wave, height, storm}",44.7,9,"{wave, height, storm}",44.8,9,"{wave, height, storm}",46.3,7,"{wave, height, storm}",46.8,9,"{wave, height, storm}",48.7,7,"{wave, height, storm}",47.4,8,"{wave, height, storm}",47.8
,,,,,,,,,,,,,,,,,,,,,,,,,,,,,5,"{level, rise, impact}",31.7,,,
,,,,,,,,,,,,,,,,,,,,,,,,,,,,,3,"{erosion, loss, slope}",43.5,,,
,,,,,,,,,,,,,,,,,,,,,,,,,,,,,3,"{sea, rise, baltic}",48.9,6,"{sea, level, rise}",50.1
,,,,,,,,,,,3,"{flow, rate, stream}",63.5,8,"{flow, rate, stream}",55.3,9,"{flow, stream, regime}",54.5,,,,,,,,,,,,,,,
"{snow, permafrost, cover}",66.7,5,"{arctic, permafrost, region}",48.5,9,"{arctic, permafrost, region}",46.6,9,"{arctic, permafrost, region}",50.7,9,"{arctic, permafrost, region}",49.2,8,"{arctic, region, tundra}",40.3,,,,,,,,,,,,,,,,,,
"{soc, organic, stock}",45.8,8,"{soc, organic, stock}",42.5,9,"{soc, organic, stock}",45.4,10,"{soc, organic, stock}",44.3,10,"{soc, organic, stock}",43.4,10,"{soc, organic, stock}",43.5,10,"{soc, organic, stock}",44.4,10,"{soc, stock, organic}",42.0,10,"{soc, stock, organic}",39.6,9,"{soc, stock, organic}",40.9,9,"{soc, stock, organic}",39.2,9,"{soc, organic, sequestration}",37.0
,,,,,,,,,,,,,,3,"{permafrost, thaw, layer}",53.0,6,"{arctic, permafrost, thaw}",50.1,10,"{permafrost, arctic, thaw}",53.1,8,"{arctic, permafrost, thaw}",46.3,5,"{arctic, sea, tundra}",40.1,7,"{arctic, tundra, polar}",43.1,7,"{arctic, tundra, polar}",44.7
"{social, sustainability, climate}",205.1,5,"{social, education, student}",170.1,4,"{social, environmental, sustainability}",183.3,5,"{sustainability, environmental, social}",136.6,4,"{environmental, sustainability, impact}",56.5,8,"{environmental, impact, sustainability}",53.5,9,"{environmental, sustainability, impact}",50.2,4,"{environmental, environment, pollution}",37.2,6,"{environmental, impact, economic}",45.1,9,"{environmental, impact, economic}",40.9,8,"{environmental, impact, economic}",37.8,9,"{environmental, environment, economic}",36.1
,,,,,,,,,,,,,,,,,,,,,,,,,,5,"{permafrost, thaw, layer}",51.5,8,"{permafrost, thaw, layer}",47.0,9,"{permafrost, thaw, layer}",46.8
"{soil, organic, microbial}",50.8,7,"{soil, moisture, organic}",46.3,9,"{soil, organic, microbial}",45.8,10,"{soil, organic, moisture}",47.6,10,"{soil, organic, microbial}",46.0,10,"{soil, organic, microbial}",45.2,10,"{soil, organic, microbial}",47.1,9,"{soil, moisture, microbial}",44.1,9,"{soil, moisture, respiration}",41.8,9,"{soil, moisture, microbial}",42.2,8,"{soil, moisture, respiration}",36.9,9,"{soil, moisture, respiration}",36.6
,,,,,,,,,,,,,,,,,,,,3,"{impact, study, effect}",49.9,5,"{effect, increase, impact}",72.1,,,,,,,,,
,,,,,,,,,,,,,,,,,,,,,,,,,,2,"{root, fine, shoot}",51.1,7,"{root, fine, shoot}",46.8,10,"{root, fine, shoot}",49.1
,,,,,,,,,,,,,,,,,,,,3,"{sustainability, sustainable, practice}",75.0,9,"{sustainability, sustainable, social}",79.9,7,"{sustainability, sustainable, practice}",64.3,8,"{sustainability, sustainable, practice}",50.6,7,"{sustainability, indicator, business}",48.9
,,,,,,,,3,"{international, global, state}",173.9,4,"{climate, social, governance}",203.1,4,"{international, state, law}",160.6,9,"{international, law, state}",135.9,8,"{international, state, law}",124.8,3,"{governance, global, international}",100.3,5,"{governance, local, institutional}",69.5,,,,,,
,,,,,,,,,,,,,,,,,,,,3,"{organic, nutrient, concentration}",87.8,5,"{organic, matter, acid}",99.8,7,"{organic, matter, dom}",64.7,8,"{organic, matter, dom}",61.9,10,"{organic, matter, dom}",61.4
,,,,,,,,,,,3,"{sediment, organic, erosion}",66.9,9,"{sediment, organic, erosion}",68.7,9,"{sediment, organic, matter}",69.7,,,,,,,,,,,,,,,
,,,,,4,"{education, student, school}",116.7,10,"{education, student, science}",123.8,9,"{education, student, science}",117.3,9,"{education, student, science}",121.3,,,,,,,,,,,,,,,,,,
,,,,,3,"{research, review, science}",91.3,5,"{research, method, analysis}",176.6,9,"{method, research, analysis}",188.8,3,"{research, sustainability, social}",163.7,4,"{social, research, science}",212.5,5,"{social, research, science}",211.0,4,"{research, review, paper}",183.4,4,"{research, social, science}",199.8,5,"{research, review, science}",84.4,9,"{research, review, literature}",98.3
,,3,"{technology, research, development}",185.3,3,"{project, technology, scenario}",170.5,3,"{technology, innovation, digital}",65.5,6,"{technology, innovation, digital}",66.5,7,"{technology, development, innovation}",94.2,7,"{technology, industry, development}",67.8,6,"{technology, innovation, digital}",63.5,9,"{technology, innovation, digital}",64.3,5,"{technology, capture, application}",58.7,5,"{technology, new, application}",48.9,9,"{technology, application, new}",46.8
,,,,,,,,,,,,,,,,,,,,,,,,,,,,,3,"{social, global, political}",218.8,6,"{issue, global, action}",218.8
,,,,,,,,,,,,,,,,,,,,,,,4,"{climate, action, global}",86.0,4,"{climate, future, impact}",38.5,6,"{climate, action, future}",33.0,8,"{climate, future, projection}",29.7
,,,,,,,,,,,,,,,,,,,,,,,,,,,,,,,,2,"{social, economic, justice}",55.8
,,,,,,,,,,,,,,,,,,,,,,,,,,3,"{digital, economy, twin}",50.3,9,"{digital, economy, twin}",45.7,10,"{digital, economy, twin}",45.8
,,,,,,,,,,,,,,,,,,,,,,,,,,2,"{innovation, technological, effect}",48.4,8,"{innovation, technological, enterprise}",43.3,9,"{innovation, technological, enterprise}",46.8
,,,,,,,,,,,,,,,,,,,,,,,,,,,,,3,"{smart, iot, agriculture}",64.0,10,"{smart, iot, sensor}",61.6
,,,,,,,,,,,,,,,,,,,,,,,1,"{nuclear, reactor, public}",52.9,9,"{nuclear, reactor, public}",48.4,8,"{nuclear, reactor, safety}",51.0,8,"{nuclear, reactor, safety}",42.5
,,,,,,,,,,,,,,,,,,,,,,,,,,3,"{international, state, law}",134.3,5,"{trade, international, law}",71.7,5,"{international, law, legal}",103.7
,,,,,,,,,,,,,,,,,,,,3,"{education, student, school}",99.3,9,"{education, student, science}",125.9,9,"{education, student, school}",101.2,9,"{education, student, school}",97.1,9,"{education, student, school}",95.4
,,,,,,,,,,,,,,,,,,,,,,,,,,,,,,,,4,"{trade, tax, offs}",53.9
,,4,"{nitrogen, treatment, organic}",121.0,8,"{nitrogen, treatment, wastewater}",93.3,6,"{nitrogen, nutrient, fertilizer}",74.1,7,"{nitrogen, treatment, wastewater}",96.3,6,"{nitrogen, fertilizer, nutrient}",68.4,9,"{nitrogen, fertilizer, nutrient}",64.6,8,"{nitrogen, fertilizer, ammonia}",57.4,8,"{nitrogen, fertilizer, nutrient}",63.3,9,"{nitrogen, nutrient, fertilizer}",62.0,7,"{nitrogen, oxide, deposition}",50.4,8,"{nitrogen, fertilizer, oxide}",52.8
,,,,,,,,,,,,,,,,,1,"{nuclear, reactor, public}",52.5,,,,,,,,,,,,,,,
,,,,,,,,,,,,,,,,,,,,,,,,,,,,,,,,3,"{ammonia, nitrification, synthesis}",36.9
,,,,,,,,,,,,,,,,,,,,,,,,,,2,"{ammonia, flame, nitrification}",36.2,,,,,,
,,3,"{international, state, global}",143.8,,,,,,,,,,,,,,,,,,,,,,,,,,,,,,
,,,,,,,,,,,,,,3,"{treatment, wastewater, sludge}",73.1,8,"{treatment, wastewater, sludge}",68.7,9,"{treatment, wastewater, sludge}",68.0,9,"{treatment, wastewater, sludge}",71.0,10,"{treatment, wastewater, sludge}",64.0,8,"{treatment, wastewater, sludge}",60.2,9,"{treatment, wastewater, sludge}",65.5
,,,,,,,,3,"{treatment, wastewater, sludge}",73.0,,,,,,,,,,,,,,,,,,,,,,,,
,,,,,,,,,,,,,,,,,,,,,,,,,,,,,3,"{biogas, anaerobic, digestion}",43.8,,,
,,,,,,,,,,,,,,,,,3,"{biogas, anaerobic, digestion}",39.4,,,,,,,,,,,,,,,
"{solar, photovoltaic, radiation}",47.9,9,"{solar, photovoltaic, radiation}",47.0,9,"{solar, photovoltaic, radiation}",50.5,9,"{solar, radiation, photovoltaic}",48.8,9,"{solar, radiation, photovoltaic}",50.2,9,"{solar, radiation, photovoltaic}",51.7,9,"{solar, radiation, photovoltaic}",52.6,9,"{solar, radiation, photovoltaic}",50.9,9,"{solar, radiation, photovoltaic}",50.5,9,"{solar, radiation, photovoltaic}",51.5,8,"{solar, radiation, photovoltaic}",49.4,9,"{solar, radiation, photovoltaic}",49.3
"{specie, habitat, distribution}",95.4,10,"{specie, habitat, distribution}",95.4,10,"{specie, distribution, habitat}",93.7,10,"{specie, habitat, distribution}",95.2,10,"{specie, distribution, habitat}",94.5,6,"{specie, distribution, range}",89.2,7,"{specie, habitat, distribution}",94.0,9,"{specie, distribution, habitat}",97.5,7,"{specie, distribution, range}",86.1,9,"{specie, distribution, range}",87.1,8,"{specie, range, richness}",79.1,7,"{specie, distribution, habitat}",97.5
"{storage, cc, battery}",46.8,7,"{storage, cc, battery}",36.1,9,"{storage, cc, battery}",36.0,9,"{storage, cc, capture}",34.7,5,"{storage, reservoir, injection}",76.7,5,"{storage, cc, capture}",34.1,9,"{storage, cc, capture}",39.0,8,"{storage, cc, capacity}",44.0,9,"{storage, cc, capacity}",37.4,9,"{storage, cc, capture}",39.3,9,"{storage, cc, capacity}",36.7,9,"{storage, cc, capacity}",39.4
,,,,,,,,,,,,,,,,,,,,,,,,,,,,,5,"{habitat, distribution, suitable}",63.6,,,
,,,,,,,,,,,,,,,,,,,,,,,4,"{habitat, conservation, area}",67.3,5,"{conservation, biodiversity, habitat}",65.1,9,"{biodiversity, conservation, diversity}",61.4,3,"{landscape, habitat, connectivity}",58.7
,,,,,,,,,,,,,,4,"{conservation, habitat, biodiversity}",69.0,4,"{ecological, restoration, footprint}",47.6,7,"{ecological, restoration, footprint}",50.2,7,"{ecological, restoration, footprint}",49.4,9,"{ecological, restoration, footprint}",47.6,9,"{ecological, restoration, footprint}",44.1,8,"{ecological, restoration, footprint}",44.0
,,,,,,,,,,,,,,,,,,,,,,,,,,4,"{area, suitable, distribution}",57.9,7,"{area, study, protect}",48.1,5,"{area, conservation, suitable}",52.9
,,,,,,,,,,,,,,5,"{reservoir, injection, pressure}",110.6,8,"{reservoir, injection, co2}",110.8,9,"{reservoir, co2, injection}",88.4,8,"{reservoir, injection, co2}",94.4,9,"{reservoir, injection, pressure}",96.8,10,"{reservoir, injection, pressure}",96.3,7,"{reservoir, injection, pressure}",85.7
"{sup, isotope, value}",28.9,9,"{sup, isotope, rate}",25.2,8,"{sup, isotope, value}",24.5,8,"{sup, isotope, value}",28.2,8,"{sup, isotope, value}",23.7,9,"{sup, isotope, value}",23.3,8,"{sup, isotope, respectively}",21.9,8,"{sup, isotope, value}",23.0,8,"{sup, isotope, value}",24.3,5,"{sup, respectively, >−</}",21.2,8,"{sup, isotope, value}",21.6,9,"{sup, isotope, respectively}",21.7
,,,,,,,,,,,,,,,,,,,,2,"{hydrate, formation, phase}",64.5,7,"{hydrate, formation, phase}",46.8,10,"{hydrate, formation, phase}",47.0,10,"{hydrate, formation, phase}",43.0,10,"{hydrate, formation, phase}",43.3
,,,,,,,,,,,,,,,,,,,,,,,,,,,,,,,,3,"{value, mean, high}",55.0
,,,,,,,,,,,,,,,,,,,,,,,,,,4,"{value, isotope, mean}",37.5,2,"{high, low, value}",39.0,,,
"{system, hybrid, integrate}",47.2,9,"{system, hybrid, integrate}",48.6,10,"{system, hybrid, integrate}",45.8,8,"{system, hybrid, integrate}",47.0,9,"{system, hybrid, integrate}",43.5,9,"{system, hybrid, integrate}",40.8,6,"{system, hybrid, integrate}",40.0,6,"{system, hybrid, integrate}",38.2,7,"{system, hybrid, integrate}",37.1,9,"{system, hybrid, integrate}",36.4,9,"{system, hybrid, integrate}",34.5,8,"{system, integrate, operation}",30.9
,,,,,,,,,,,,,,,,,,,,,,,3,"{carbonation, carbonate, mineral}",93.9,9,"{carbonation, carbonate, mineral}",93.8,9,"{carbonation, carbonate, mineral}",90.5,5,"{carbonate, mineral, rock}",121.5
,,,,,,,,,,,,,,3,"{area, distribution, year}",60.8,7,"{area, value, site}",66.5,2,"{index, value, analysis}",63.5,8,"{index, value, indicator}",60.9,8,"{index, indicator, correlation}",55.1,8,"{index, value, indicator}",53.5,7,"{index, indicator, correlation}",47.1
,,,,,,,,,,,,,,,,,,,,,,,,,,,,,,,,5,"{carbonation, slag, calcium}",63.5
,,,,,,,,,,,,,,,,,,,,,,,3,"{efficiency, performance, exergy}",60.3,9,"{efficiency, performance, exergy}",59.8,8,"{efficiency, performance, exergy}",56.4,9,"{efficiency, exergy, performance}",51.7
,,,,,,,,,,,,,,,,,,,,,,,,,,,,,4,"{factor, influence, analysis}",59.9,9,"{factor, influence, analysis}",64.0
,,,,,,,,,,,,,,,,,,,,,,,,,,,,,,,,2,"{quality, fruit, improve}",41.6
,,,,,,,,,,,,,,,,,,,,,,,,,,,,,3,"{method, use, propose}",69.7,9,"{method, use, propose}",73.1
,,,,,,,,,,,,,,,,,3,"{efficiency, exergy, performance}",49.1,,,,,,,,,,,,,,,
"{technology, industry, innovation}",80.0,,,,,,,,,,,,,,,,,,,,,,,,,,,,,,,,,
"{temperature, warm, increase}",64.4,9,"{temperature, warm, increase}",61.5,9,"{temperature, warm, increase}",69.6,10,"{temperature, warm, increase}",72.1,8,"{temperature, warm, increase}",55.9,9,"{temperature, increase, warm}",58.6,9,"{temperature, warm, increase}",57.9,9,"{temperature, warm, increase}",59.5,7,"{temperature, warm, increase}",56.0,8,"{temperature, warm, high}",53.4,5,"{temperature, mean, maximum}",48.4,6,"{temperature, increase, surface}",48.3
"{thermal, comfort, performance}",55.1,9,"{thermal, comfort, performance}",59.4,10,"{thermal, comfort, performance}",56.8,10,"{thermal, comfort, performance}",58.9,9,"{thermal, comfort, performance}",60.6,9,"{thermal, comfort, performance}",60.5,9,"{thermal, comfort, insulation}",60.9,9,"{thermal, comfort, insulation}",56.8,9,"{thermal, comfort, insulation}",57.3,10,"{thermal, comfort, insulation}",58.9,9,"{thermal, comfort, insulation}",56.1,7,"{thermal, comfort, insulation}",48.3
,,,,,,,,,,,,,,,,,,,,,,,,,,,,,4,"{increase, warm, warming}",69.8,7,"{warm, warming, response}",62.1
,,,,,,,,,,,,,,,,,,,,,,,,,,3,"{rate, high, decomposition}",45.4,5,"{rate, mortality, time}",41.7,,,
,,,,,,,,,,,,,,,,,3,"{rate, increase, year}",41.3,,,,,,,,,,,,,,,
,,,,,,,,,,,,,,,,,,,,,,,,,,,,,4,"{litter, microbial, decomposition}",53.7,4,"{rate, litter, decomposition}",43.8
,,2,"{change, climatic, response}",68.2,,,,,,,,,,,,,,,,,,,,,,,,,,,,,,
,,2,"{flow, rate, stream}",59.5,,,,,,,,,,,,,,,,,,,,,,,,,,,,,,
"{tourism, tourist, sector}",40.4,9,"{tourism, tourist, destination}",39.0,8,"{tourism, tourist, destination}",36.0,7,"{tourism, tourist, destination}",37.4,7,"{tourism, tourist, destination}",36.3,7,"{tourism, tourist, destination}",37.4,9,"{tourism, tourist, destination}",38.4,8,"{tourism, tourist, destination}",36.4,9,"{tourism, tourist, destination}",37.8,8,"{tourism, tourist, destination}",37.3,8,"{tourism, tourist, destination}",37.0,8,"{tourism, tourist, destination}",36.1
"{tree, growth, ring}",63.1,9,"{tree, ring, growth}",60.7,9,"{tree, ring, growth}",64.2,9,"{tree, ring, growth}",67.2,8,"{tree, ring, stand}",64.2,9,"{tree, ring, stand}",62.2,10,"{tree, ring, stand}",61.2,10,"{tree, ring, stand}",62.4,10,"{tree, ring, stand}",63.6,9,"{tree, ring, stand}",61.1,10,"{tree, ring, stand}",61.2,9,"{tree, ring, stand}",64.1
"{trend, year, season}",97.0,9,"{season, winter, year}",106.3,5,"{snow, cover, winter}",45.3,10,"{snow, cover, winter}",45.1,7,"{snow, cover, depth}",40.4,10,"{snow, cover, depth}",39.4,10,"{snow, cover, depth}",39.5,10,"{snow, cover, winter}",41.3,10,"{snow, cover, depth}",39.5,10,"{snow, cover, snowmelt}",39.7,8,"{snow, cover, winter}",38.9,9,"{snow, cover, depth}",37.8
"{urban, area, planning}",43.3,9,"{urban, city, planning}",53.0,9,"{urban, area, planning}",43.9,9,"{urban, area, planning}",41.0,9,"{urban, area, planning}",39.9,9,"{urban, planning, urbanization}",41.4,9,"{urban, planning, urbanization}",42.0,9,"{urban, area, planning}",40.6,9,"{urban, planning, area}",38.1,9,"{urban, planning, urbanization}",38.4,9,"{urban, planning, urbanization}",36.7,9,"{urban, urbanization, planning}",38.0
,,,,,,,,,,,4,"{season, winter, summer}",84.0,8,"{season, winter, summer}",90.6,8,"{season, winter, summer}",86.4,6,"{year, season, period}",88.2,8,"{season, winter, summer}",90.4,8,"{season, winter, summer}",75.4,6,"{year, season, period}",65.6,7,"{winter, summer, spring}",63.7
,,,,,,,,,,,,,,,,,,,,,,,,,,,,,2,"{island, uhi, small}",48.4,8,"{island, uhi, small}",47.3
,,,,,,,,,,,,,,,,,,,,,,,,,,,,,,,,4,"{season, dry, wet}",48.3
,,,,,,,,,,,,,,,,,,,,,,,,,,,,,,,,2,"{day, phenology, phenological}",69.1
,,,,,2,"{flux, season, site}",78.7,,,,,,,,,,,,,,,,,,,,,,,,,,,
,,,,,2,"{city, smart, china}",39.9,9,"{city, smart, plan}",38.0,9,"{city, smart, plan}",36.8,7,"{city, smart, local}",38.3,8,"{city, smart, plan}",39.2,7,"{city, smart, local}",38.5,9,"{city, smart, plan}",37.1,8,"{city, smart, plan}",38.2,6,"{city, plan, local}",35.5,7,"{city, plan, low}",35.9
"{vegetation, ndvi, index}",62.7,8,"{vegetation, ndvi, index}",58.6,9,"{vegetation, ndvi, index}",61.7,7,"{vegetation, ndvi, grassland}",59.0,8,"{vegetation, ndvi, grassland}",53.7,5,"{vegetation, ndvi, index}",52.8,8,"{vegetation, ndvi, index}",55.8,7,"{vegetation, ndvi, cover}",49.0,10,"{vegetation, ndvi, cover}",48.4,7,"{vegetation, ndvi, grassland}",54.4,7,"{vegetation, ndvi, cover}",44.5,9,"{vegetation, ndvi, cover}",47.1
"{vehicle, electric, battery}",62.4,10,"{vehicle, electric, battery}",62.3,10,"{vehicle, electric, battery}",63.7,8,"{vehicle, electric, charge}",60.9,6,"{vehicle, electric, charge}",53.8,8,"{vehicle, electric, ev}",50.8,8,"{vehicle, electric, charge}",56.2,9,"{vehicle, electric, charge}",50.6,10,"{vehicle, electric, charge}",49.4,10,"{vehicle, electric, charge}",52.6,9,"{vehicle, electric, charge}",54.1,5,"{vehicle, electric, car}",47.4
,,,,,,,,,,,,,,,,,,,,2,"{grassland, npp, productivity}",47.8,9,"{grassland, npp, productivity}",50.8,,,,,,,,,
,,,,,,,,,,,,,,,,,,,,,,,,,,,,,,,,5,"{charge, station, electric}",46.8
,,,,,,,,,,,,,,,,,,,,,,,,,,,,,,,,1,"{hybrid, diesel, configuration}",44.9
,,,,,,,,,,,,,,3,"{grassland, npp, productivity}",54.2,,,,,,,,,,,,,,,,,,
,,,,,,,,3,"{index, value, indicator}",63.3,9,"{index, value, correlation}",63.0,,,,,,,,,,,,,,,,,,,,,
,,,,,,,,,,,,,,5,"{station, charge, charging}",46.8,,,,,,,,,,,,,,,,,,
,,,,,,,,,,,5,"{transport, transportation, road}",60.6,10,"{transport, transportation, sector}",60.4,9,"{transport, transportation, sector}",63.5,8,"{transportation, traffic, road}",50.7,7,"{transportation, sector, infrastructure}",38.2,,,,,,,,,
"{waste, management, solid}",57.5,9,"{waste, solid, management}",54.8,9,"{waste, solid, management}",51.4,10,"{waste, solid, management}",50.3,9,"{waste, solid, management}",56.8,8,"{waste, solid, landfill}",55.1,9,"{waste, solid, landfill}",52.3,7,"{waste, solid, landfill}",48.8,8,"{waste, solid, landfill}",50.8,10,"{waste, solid, landfill}",51.6,8,"{waste, solid, landfill}",47.2,9,"{waste, solid, landfill}",49.5
,,,,,,,,,,,,,,,,,,,,,,,5,"{road, traffic, pavement}",60.6,6,"{transportation, road, traffic}",58.1,10,"{transportation, road, traffic}",56.3,6,"{road, traffic, pavement}",57.7
,,,,,,,,,,,,,,,,,,,,,,,,,,,,,2,"{plastic, pollution, polymer}",49.0,9,"{plastic, pollution, polymer}",49.6
,,,,,,,,,,,,,,,,,,,,,,,,,,,,,,,,6,"{transportation, mode, travel}",40.5
,,,,,,,,,,,,,,,,,,,,5,"{transport, sector, road}",47.9,8,"{transport, sector, mobility}",46.1,9,"{transport, sector, mobility}",46.5,9,"{transport, sector, mobility}",47.0,8,"{transport, mobility, freight}",44.8
,,,,,,,,4,"{battery, lithium, ion}",49.6,8,"{battery, lithium, grid}",54.5,7,"{battery, lithium, ion}",47.2,8,"{battery, lithium, ion}",51.2,8,"{battery, lithium, ion}",46.7,10,"{battery, lithium, ion}",46.3,10,"{battery, lithium, ion}",49.1,7,"{cell, battery, lithium}",64.4,5,"{battery, lithium, ion}",43.9
,,,,,,,,,,,,,,,,,,,,2,"{material, raw, use}",61.5,5,"{material, composite, property}",78.9,8,"{material, construction, composite}",84.7,7,"{material, construction, raw}",62.0,8,"{material, raw, property}",59.4
,,,,,,,,,,,,,,,,,,,,,,,,,,,,,,,,5,"{cell, electrode, electrochemical}",64.1
,,,,,,,,,,,,,,,,,,,,2,"{plastic, product, pollution}",50.0,,,,,,,,,,,,
,,,,,,,,,,,,,,,,,,,,,,,,,,,,,4,"{fiber, composite, property}",95.2,8,"{fiber, composite, property}",94.3
,,,,,2,"{industry, sector, china}",72.4,,,,,,,,,,,,,,,,,,,,,,,,,,,
"{water, resource, irrigation}",43.4,10,"{water, resource, irrigation}",41.2,9,"{water, resource, irrigation}",39.6,9,"{water, resource, irrigation}",40.6,8,"{water, resource, management}",38.6,9,"{water, resource, scarcity}",36.8,9,"{water, scarcity, quality}",34.5,8,"{water, irrigation, scarcity}",38.8,9,"{water, scarcity, quality}",34.9,8,"{water, scarcity, availability}",33.6,9,"{water, scarcity, quality}",35.3,9,"{water, scarcity, availability}",34.1
"{wetland, restoration, marsh}",37.2,10,"{wetland, restoration, marsh}",35.5,8,"{wetland, restoration, marsh}",34.8,7,"{wetland, marsh, restoration}",38.0,7,"{wetland, restoration, marsh}",36.4,6,"{wetland, marsh, restoration}",31.7,8,"{wetland, marsh, restoration}",33.1,8,"{wetland, marsh, restoration}",35.6,9,"{wetland, marsh, restoration}",34.2,10,"{wetland, marsh, restoration}",34.1,8,"{wetland, marsh, restoration}",32.4,8,"{wetland, marsh, restoration}",33.3
,,,,,,,,,,,,,,,,,,,,,,,2,"{irrigation, drip, irrigated}",36.7,9,"{irrigation, drip, irrigated}",35.7,10,"{irrigation, drip, irrigated}",34.8,9,"{irrigation, drip, irrigated}",34.9
"{wind, turbine, speed}",40.0,9,"{wind, turbine, speed}",39.9,9,"{wind, turbine, speed}",39.7,9,"{wind, turbine, speed}",40.0,9,"{wind, turbine, speed}",37.9,10,"{wind, turbine, speed}",38.9,9,"{wind, turbine, speed}",38.5,9,"{wind, turbine, speed}",37.9,9,"{wind, turbine, speed}",38.2,9,"{wind, turbine, speed}",39.2,9,"{wind, turbine, speed}",39.4,8,"{wind, turbine, speed}",39.4
,,,,,,,,,,,4,"{mangrove, coastal, blue}",37.5,7,"{mangrove, blue, stock}",34.2,9,"{mangrove, blue, stock}",34.4,7,"{mangrove, sediment, blue}",36.5,8,"{mangrove, coastal, blue}",37.3,10,"{mangrove, coastal, blue}",36.3,8,"{mangrove, blue, stock}",32.5,9,"{mangrove, blue, restoration}",33.8
,,,,,5,"{mangrove, sediment, coastal}",38.1,,,,,,,,,,,,,,,,,,,,,,,,,,,
